year,1,2,3,4,5,6,7,8,9,10,11,12,source
1979,0.036,0.138,0.304,0.518,0.762,1.02,1.28,1.532,1.77,1.991,2.193,2.375,Far north data
1980,0.036,0.136,0.298,0.506,0.743,0.994,1.245,1.49,1.721,1.934,2.13,2.306,Far north data
1981,0.041,0.148,0.314,0.524,0.758,1.003,1.247,1.481,1.702,1.905,2.089,2.255,Far north data
1982,0.039,0.144,0.309,0.519,0.755,1.002,1.249,1.488,1.712,1.92,2.108,2.278,Far north data
1983,0.042,0.138,0.28,0.451,0.638,0.828,1.014,1.191,1.356,1.507,1.643,1.764,Far north data
1984,0.044,0.156,0.328,0.541,0.778,1.024,1.267,1.501,1.719,1.921,2.103,2.267,Far north data
1985,0.04,0.149,0.322,0.541,0.789,1.048,1.308,1.558,1.794,2.012,2.211,2.389,Far north data
1986,0.042,0.151,0.323,0.539,0.781,1.033,1.285,1.527,1.755,1.965,2.156,2.327,Far north data
1987,0.034,0.132,0.294,0.504,0.745,1.001,1.26,1.512,1.751,1.973,2.176,2.359,Far north data
1988,0.038,0.145,0.315,0.533,0.78,1.041,1.302,1.554,1.793,2.013,2.215,2.396,Far north data
1989,0.044,0.158,0.337,0.561,0.812,1.074,1.334,1.585,1.821,2.038,2.236,2.413,Far north data
1990,0.042,0.15,0.32,0.532,0.769,1.017,1.263,1.499,1.722,1.927,2.113,2.28,Far north data
1991,0.039,0.142,0.305,0.511,0.743,0.985,1.227,1.461,1.68,1.883,2.068,2.234,Far north data
1992,0.04,0.148,0.318,0.534,0.776,1.031,1.286,1.531,1.763,1.976,2.171,2.346,Far north data
1993,0.039,0.147,0.323,0.549,0.807,1.08,1.354,1.62,1.871,2.104,2.317,2.508,Far north data
1994,0.036,0.147,0.335,0.584,0.874,1.186,1.503,1.813,2.109,2.385,2.638,2.867,Far north data
1995,0.038,0.146,0.318,0.54,0.792,1.058,1.325,1.583,1.827,2.053,2.26,2.446,Far north data
1996,0.038,0.145,0.317,0.537,0.788,1.053,1.318,1.576,1.82,2.045,2.251,2.436,Far north data
1997,0.045,0.152,0.312,0.506,0.72,0.94,1.155,1.361,1.553,1.729,1.889,2.031,Far north data
1998,0.04,0.14,0.294,0.483,0.693,0.911,1.126,1.333,1.526,1.703,1.864,2.008,Far north data
1999,0.037,0.146,0.324,0.557,0.824,1.107,1.394,1.673,1.938,2.183,2.408,2.611,Far north data
2000,0.035,0.145,0.336,0.592,0.893,1.218,1.55,1.877,2.189,2.481,2.75,2.994,Far north data
2001,0.033,0.139,0.324,0.572,0.864,1.18,1.504,1.822,2.127,2.412,2.674,2.912,Far north data
2002,0.036,0.145,0.33,0.576,0.861,1.167,1.478,1.783,2.074,2.344,2.593,2.817,Far north data
2003,0.04,0.154,0.341,0.584,0.862,1.157,1.454,1.743,2.017,2.272,2.504,2.714,Far north data
2004,0.038,0.149,0.333,0.574,0.852,1.148,1.447,1.74,2.017,2.275,2.511,2.724,Far north data
2005,0.037,0.15,0.341,0.595,0.89,1.206,1.527,1.842,2.142,2.422,2.678,2.911,Far north data
2006,0.038,0.152,0.347,0.606,0.907,1.23,1.558,1.88,2.187,2.473,2.735,2.973,Far north data
2007,0.038,0.149,0.335,0.579,0.861,1.161,1.465,1.762,2.044,2.306,2.546,2.763,Far north data
2008,0.036,0.146,0.334,0.585,0.876,1.19,1.51,1.823,2.122,2.4,2.656,2.888,Far north data
2009,0.038,0.15,0.337,0.582,0.865,1.167,1.474,1.773,2.057,2.321,2.563,2.782,Far north data
2010,0.039,0.15,0.332,0.567,0.837,1.123,1.411,1.691,1.956,2.203,2.428,2.631,Far north data
2011,0.031,0.143,0.351,0.644,1,1.395,1.806,2.217,2.614,2.99,3.337,3.655,Far north data
2012,0.032,0.145,0.349,0.632,0.971,1.344,1.731,2.115,2.485,2.834,3.156,3.449,Far north data
2013,0.032,0.145,0.349,0.632,0.971,1.344,1.731,2.115,2.485,2.834,3.156,3.449,Far north data
2014,0.032,0.145,0.349,0.632,0.971,1.344,1.731,2.115,2.485,2.834,3.156,3.449,Far north data
2015,0.0332,0.1456,0.346,0.6214,0.95,1.31,1.682,2.0506,2.405,2.739,3.0466,3.3266,Far north data
2016,0.0332,0.1456,0.346,0.6214,0.95,1.31,1.682,2.0506,2.405,2.739,3.0466,3.3266,Far north data
2017,0.0332,0.1456,0.346,0.6214,0.95,1.31,1.682,2.0506,2.405,2.739,3.0466,3.3266,Far north data
2018,0.0332,0.1456,0.346,0.6214,0.95,1.31,1.682,2.0506,2.405,2.739,3.0466,3.3266,Far north data
2019,0.0332,0.1456,0.346,0.6214,0.95,1.31,1.682,2.0506,2.405,2.739,3.0466,3.3266,Far north data
2020,0.0332,0.1456,0.346,0.6214,0.95,1.31,1.682,2.0506,2.405,2.739,3.0466,3.3266,Far north data
2021,0.0332,0.1456,0.346,0.6214,0.95,1.31,1.682,2.0506,2.405,2.739,3.0466,3.3266,Far north data
2022,0.0332,0.1456,0.346,0.6214,0.95,1.31,1.682,2.0506,2.405,2.739,3.0466,3.3266,Far north data
1970,0.040161,0.147958,0.326509,0.562258,0.837223,1.134031,1.438064,1.738053,2.025943,2.296422,2.546373,2.774341,Far north
1971,0.040162,0.144043,0.320024,0.553696,0.827236,1.123252,1.427022,1.727158,2.015487,2.286599,2.537295,2.766062,Far north
1972,0.040161,0.14145,0.311813,0.541539,0.812058,1.106124,1.408926,1.708898,1.997665,2.269635,2.521458,2.751499,Far north
1973,0.040161,0.136587,0.301166,0.522694,0.787498,1.077558,1.378085,1.677271,1.966419,2.239612,2.493219,2.725378,Far north
1974,0.040161,0.131315,0.287571,0.500517,0.755205,1.038481,1.334649,1.631757,1.920712,2.195138,2.450972,2.685991,Far north
1975,0.040162,0.127318,0.275678,0.47818,0.722832,0.995182,1.284298,1.577197,1.864523,2.139401,2.397229,2.63529,Far north
1976,0.040162,0.12581,0.269182,0.462988,0.696647,0.958656,1.236745,1.522649,1.805934,2.079427,2.337995,2.578356,Far north
1977,0.040163,0.125268,0.266776,0.455306,0.680072,0.930977,1.198689,1.473586,1.749938,2.019477,2.276763,2.517975,Far north
1978,0.040164,0.129138,0.272642,0.461362,0.68226,0.925055,1.181923,1.446298,1.711208,1.97319,2.225785,2.464926,Far north
1979,0.040165,0.144288,0.301605,0.500359,0.726957,0.968955,1.218729,1.471691,1.724379,1.972472,2.214624,2.445986,Far north
1980,0.040164,0.126821,0.287822,0.49111900000000003,0.721397,0.965556,1.21336,1.459884,1.70312,1.941811,2.173402,2.397883,Far north
1981,0.040164,0.132154,0.279188,0.488999,0.725761,0.97468,1.225003,1.469358,1.705556,1.933935,2.155108,2.36794,Far north
1982,0.040162,0.126183,0.274633,0.46731,0.708413,0.962606,1.217289,1.464386,1.699086,1.921391,2.133389,2.33702,Far north
1983,0.04016,0.105383,0.234214,0.417271,0.633674,0.887995,1.146558,1.398795,1.638571,1.862737,2.072622,2.271319,Far north
1984,0.040165,0.168112,0.317317,0.51404,0.743643,0.985976,1.24887,1.502635,1.74051,1.959621,2.15942,2.343212,Far north
1985,0.040165,0.138605,0.331164,0.532602,0.765136,1.014688,1.263617,1.522819,1.765535,1.987511,2.187875,2.3676,Far north
1986,0.040163,0.130522,0.28827,0.528773,0.763083,1.013926,1.269533,1.515073,1.764134,1.992256,2.197025,2.378962,Far north
1987,0.040163,0.128876,0.277462,0.482281,0.755057,1.007343,1.264131,1.516411,1.751994,1.986726,2.197954,2.384632,Far north
1988,0.040163,0.144913,0.30238,0.506547,0.749473,1.043476,1.302781,1.555641,1.796163,2.014828,2.229612,2.419478,Far north
1989,0.040164,0.143255,0.31567,0.527838,0.769509,1.033325,1.334236,1.589676,1.830964,2.054836,2.253868,2.447629,Far north
1990,0.040162,0.125858,0.285196,0.503081,0.746424,1.00546,1.275019,1.572716,1.818537,2.045984,2.253537,2.435094,Far north
1991,0.040161,0.130234,0.275051,0.482182,0.732834,0.99443,1.259502,1.525682,1.81327,2.044542,2.254837,2.444022,Far north
1992,0.040164,0.146326,0.306081,0.507229,0.752981,1.025147,1.293856,1.554947,1.809211,2.079651,2.290707,2.479352,Far north
1993,0.040166,0.148877,0.326393,0.543832,0.784529,1.052311,1.331762,1.596394,1.845282,2.081988,2.331726,2.520611,Far north
1994,0.040167,0.157531,0.343275,0.583066,0.843201,1.10768,1.383327,1.658376,1.909835,2.139768,2.354123,2.579927,Far north
1995,0.040163,0.11716,0.28506,0.511658,0.779458,1.055195,1.324834,1.597593,1.864,2.103024,2.318294,2.516948,Far north
1996,0.040159,0.135129,0.274458,0.492747,0.753892,1.040937,1.323037,1.589115,1.851215,2.102283,2.323222,2.519126,Far north
1997,0.040155,0.120719,0.268564,0.450639,0.698234,0.975704,1.268147,1.547226,1.804261,2.05335,2.289078,2.493588,Far north
1998,0.040157,0.134133,0.276379,0.474089,0.690351,0.956991,1.240758,1.529676,1.7982070000000001,2.040064,2.271256,2.487819,Far north
1999,0.040162,0.186941,0.377261,0.597392,0.848501,1.094508,1.370983,1.649245,1.921688,2.166512,2.380415,2.581674,Far north
2000,0.040164,0.167779,0.39832,0.656354,0.92291,1.199879,1.454438,1.726127,1.990065,2.241897,2.462418,2.650297,Far north
2001,0.040163,0.138251,0.330245,0.612831,0.906547,1.19298,1.476522,1.727402,1.988082,2.2361780000000002,2.46933,2.669849,Far north
2002,0.040162,0.145759,0.313156,0.56118,0.882181,1.197295,1.490804,1.770386,2.009413,2.253038,2.481025,2.692643,Far north
2003,0.040161,0.149258,0.326462,0.551746,0.839457,1.182566,1.504991,1.794408,2.061745,2.283152,2.506001,2.71174,Far north
2004,0.040162,0.149364,0.330137,0.565285,0.830295,1.140136,1.490563,1.808892,2.086052,2.335751,2.536362,2.736942,Far north
2005,0.040162,0.165126,0.356349,0.603429,0.884037,1.17437,1.492585,1.838325,2.142628,2.399605,2.625506,2.800634,Far north
2006,0.040161,0.158896,0.361791,0.616016,0.90629,1.210958,1.509248,1.82301,2.155422,2.440548,2.674914,2.876603,Far north
2007,0.040158,0.142011,0.327596,0.584534,0.87581,1.186723,1.498216,1.792686,2.095016,2.410978,2.676709,2.890305,Far north
2008,0.040156,0.16457,0.348081,0.59968,0.901877,1.218364,1.537614,1.844441,2.124946,2.407182,2.699453,2.939813,Far north
2009,0.040154,0.154746,0.354371,0.598684,0.891969,1.217387,1.541553,1.856505,2.15047,2.412468,2.672882,2.941785,Far north
2010,0.040156,0.149627,0.336071,0.593784,0.877922,1.19339,1.526144,1.846204,2.148869,2.425153,2.666304,2.904393,Far north
2011,0.040163,0.228231,0.461147,0.747386,1.073517,1.395767,1.723839,2.0495390000000002,2.348489,2.620777,2.861245,3.064042,Far north
2012,0.04016,0.15125,0.412232,0.704092,1.030743,1.379385,1.709079,2.032985,2.346216,2.627224,2.878357,3.096171,Far north
2013,0.04016,0.165422,0.358729,0.686176,1.023603,1.375638,1.732674,2.05767,2.367516,2.660516,2.91767,3.143259,Far north
2014,0.04016,0.168343,0.377739,0.639061,1.013138,1.376542,1.737166,2.089395,2.400003,2.689146,2.957735,3.188749,Far north
2015,0.040159,0.161178,0.368793,0.642402,0.947748,1.346349,1.717862,2.073947,2.412592,2.703655,2.969752,3.213662,Far north
2016,0.040159,0.167033,0.371327,0.646262,0.966026,1.297082,1.704185,2.07094,2.412784,2.730938,2.99784,3.238063,Far north
2017,0.04016,0.166861,0.376896,0.648419,0.969446,1.314885,1.654432,2.056783,2.409316,2.730697,3.024722,3.265786,Far north
2018,0.04016,0.166636,0.376351,0.653497,0.971029,1.317686,1.671601,2.006404,2.394559,2.726664,3.02396,3.292193,Far north
2019,0.04016,0.165777,0.374703,0.651071,0.973914,1.316902,1.671977,2.02118,2.341884,2.70975,3.017934,3.289613,Far north
2020,0.040161,0.165141,0.372789,0.648031,0.969865,1.318034,1.669397,2.019784,2.35496,2.655477,2.999543,3.28224,Far north
2021,0.040161,0.164323,0.370797,0.644327,0.964736,1.311732,1.668221,2.014927,2.351378,2.6665,2.943373,3.262119,Far north
2022,0.040162,0.162694,0.36728,0.638771,0.956876,1.302117,1.657323,2.009217,2.34217,2.65883,2.950617,3.202503,Far north
2023,0.040162,0.150563,0.345558,0.608725,0.920378,1.260855,1.613494,1.964559,2.304061,2.619183,2.914819,3.184092,Far north
2024,0.040162,0.150563,0.333427,0.587003,0.890331,1.224357,1.572232,1.92073,2.259404,2.581074,2.875172,3.148294,Far north
1979,0.1083413,0.1554059,0.2472602,0.3143437,0.3878198,0.5098555,0.6534656,0.7799549,0.9487193,1.152912,1.348908,1.574944,Northern Chile data
1980,0.1808278,0.2087755,0.2633333,0.3382963,0.4339371,0.4619997,0.4987267,1.062208,0.9840867,1.144385,1.350005,1.550582,Northern Chile data
1981,0.2054582,0.2350948,0.2867797,0.3528091,0.4242458,0.4998624,0.6012975,0.7354709,0.9840867,1.144385,1.350005,1.550582,Northern Chile data
1982,0.1636503,0.1923338,0.2362049,0.3014684,0.35445,0.4224571,0.4597356,0.489508,0.7386844,1.144385,1.350005,1.550582,Northern Chile data
1983,0.121554,0.1908317,0.244735,0.3094295,0.3757042,0.4285458,0.4845665,0.4856115,0.5292549,1.144385,1.350005,1.550582,Northern Chile data
1984,0.1570446,0.1735583,0.2413098,0.3229878,0.387439,0.4425778,0.5103614,0.5585764,0.9840867,1.144385,1.350005,1.550582,Northern Chile data
1985,0.2090975,0.2057974,0.2746434,0.3444275,0.4058752,0.4817998,0.5532299,0.5945603,0.9840867,1.144385,1.350005,1.550582,Northern Chile data
1986,0.0832802,0.1660106,0.2791706,0.3583185,0.4322058,0.5234327,0.5587558,0.7161179,0.9840867,1.144385,1.350005,1.550582,Northern Chile data
1987,0.1590127,0.1630467,0.2370581,0.3347242,0.4322563,0.4910378,0.5420361,0.5448677,0.9840867,1.144385,1.350005,1.550582,Northern Chile data
1988,0.1778117,0.21376,0.2507143,0.2958118,0.3824966,0.5813812,0.6896011,0.8522619,0.9840867,1.144385,1.350005,1.550582,Northern Chile data
1989,0.1372251,0.193525,0.2519578,0.297345,0.3544023,0.4958745,0.5794554,0.5465612,0.7012168,1.144385,1.350005,1.550582,Northern Chile data
1990,0.1162022,0.2377396,0.2926633,0.337878,0.3861125,0.4901273,0.6877694,0.6766677,0.9504298,1.144385,1.350005,1.550582,Northern Chile data
1991,0.1439557,0.1647319,0.2826775,0.3436108,0.3883955,0.4397735,0.7391547,0.855417,0.7753098,1.144385,1.350005,1.550582,Northern Chile data
1992,0.1160919,0.1590657,0.2593487,0.2851071,0.341574,0.3942182,0.4711396,0.6731199,0.9840867,1.144385,1.350005,1.550582,Northern Chile data
1993,0.1332316,0.1302289,0.2584095,0.3341063,0.3789038,0.4320609,0.5200202,0.6377386,0.8145088,0.9349997,0.9599598,1.550582,Northern Chile data
1994,0.1053357,0.132405,0.2816799,0.3215695,0.3787916,0.4360745,0.5084511,0.58351,0.9840867,1.144385,1.350005,1.550582,Northern Chile data
1995,0.07237487,0.1472323,0.2703496,0.3396642,0.3936783,0.3945023,0.6322675,0.8522619,0.9840867,1.144385,1.350005,1.550582,Northern Chile data
1996,0.1171299,0.1514152,0.2027182,0.2296747,0.2836721,0.3881415,1.319653,0.8522619,0.9840867,1.144385,1.350005,1.550582,Northern Chile data
1997,0.1618985,0.1498677,0.2247601,0.291273,0.4253144,0.5557969,0.7035318,0.8522619,0.9840867,1.144385,1.350005,1.550582,Northern Chile data
1998,0.1828741,0.124466,0.2459942,0.2854506,0.3394465,0.4112025,0.7035318,0.8522619,0.9840867,1.144385,1.350005,1.550582,Northern Chile data
1999,0.1111429,0.09493377,0.2656743,0.3063742,0.3697339,0.61193090000000006,0.7035318,0.8522619,0.9840867,1.144385,1.350005,1.550582,Northern Chile data
2000,0.06062325,0.1729691,0.2320196,0.2561545,0.4563926,0.5557969,0.7035318,0.8522619,0.9840867,1.144385,1.350005,1.550582,Northern Chile data
2001,0.1168846,0.1158529,0.2077776,0.2893289,0.4001102,0.5557969,0.7035318,0.8522619,0.9840867,1.144385,1.350005,1.550582,Northern Chile data
2002,0.09680032,0.1325918,0.2403284,0.3238746,0.3890515,0.4826654,0.7035318,0.8522619,0.9840867,1.144385,1.350005,1.550582,Northern Chile data
2003,0.09533144,0.1115449,0.2337904,0.313872,0.4221998,0.4777309,0.5095262,0.8522619,0.9840867,1.144385,1.350005,1.550582,Northern Chile data
2004,0.1397537,0.1820871,0.1993592,0.2460854,0.3595319,0.5557969,0.7035318,0.8522619,0.9840867,1.144385,1.350005,1.550582,Northern Chile data
2005,0.08361862,0.1338314,0.2232978,0.2651011,0.2944314,0.6598041,0.7388012,0.8522619,0.9840867,1.144385,1.350005,1.550582,Northern Chile data
2006,0.07715216,0.1266478,0.2020969,0.3856408,0.4574256,0.5293303,0.6357077,0.8522619,0.9840867,1.144385,1.350005,1.550582,Northern Chile data
2007,0.1157555,0.1395462,0.217312,0.2961324,0.4011291,0.5393338,0.6583547,0.8522619,0.9840867,1.144385,1.350005,1.550582,Northern Chile data
2008,0.05257415,0.1000209,0.2462472,0.28972,0.3888821,0.5921569,0.6294711,0.7611534,0.9840867,1.144385,1.350005,1.550582,Northern Chile data
2009,0.08785866,0.1260027,0.2462381,0.2859746,0.3339393,0.5341796,0.7035318,0.8522619,0.9840867,1.144385,1.350005,1.550582,Northern Chile data
2010,0.05596999,0.1019398,0.2311051,0.2866915,0.4011559,0.6024806,0.7010418,0.8522619,0.9840867,1.144385,1.350005,1.550582,Northern Chile data
2011,0.06397631,0.108918,0.2751535,0.3246039,0.3820431,0.5557969,0.7035318,0.8522619,0.9840867,1.144385,1.350005,1.550582,Northern Chile data
2012,0.04693012,0.179047,0.2521815,0.3492373,0.3613665,0.5557969,0.7035318,0.8522619,0.9840867,1.144385,1.350005,1.550582,Northern Chile data
2013,0.06365118,0.06396216,0.2841003,0.3900747,0.4406254,0.6570541,0.5204606,0.8522619,0.9840867,1.144385,1.350005,1.550582,Northern Chile data
2014,0.05220643,0.104713,0.2180101,0.28288,0.4299356,0.5527657,0.7035318,0.8522619,0.9840867,1.144385,1.350005,1.550582,Northern Chile data
2015,0.03733641,0.184851,0.2791115,0.3687216,0.4372018,0.6076971,0.7787995,0.8522619,0.9840867,1.144385,1.350005,1.550582,Northern Chile data
2016,0.1644079,0.1754634,0.2330841,0.2936427,0.366497,0.4988031,0.7181823,0.8603901,0.6579751,1.144385,1.350005,1.550582,Northern Chile data
2017,0.04939622,0.1581078,0.1921761,0.2590688,0.3321864,0.4513515,0.6002911,0.5284094,0.9840867,1.144385,1.350005,1.550582,Northern Chile data
2018,0.03374934,0.129107,0.2478912,0.2773394,0.2794467,0.5557969,0.7035318,0.8522619,0.9840867,1.144385,1.350005,1.550582,Northern Chile data
2019,0.02501356,0.1789163,0.2840498,0.4709409,0.5010687,0.5276186,0.732435,0.852934,0.8879844,1.279738,1.695085,1.806153,Northern Chile data
2020,0.06780253,0.2107007,0.242154,0.3026821,0.3973548,0.4735262,0.7704152,1.065567,1.351351,1.568029,1.350005,2.293855,Northern Chile data
2021,0.04185013,0.1474796,0.457128,0.4518323,0.5361883,0.6550411,0.745195,0.9232431,1.001745,1.097865,1.192563,1.804035,Northern Chile data
2022,0.04185013,0.1474796,0.457128,0.5905229,0.7387792,0.8290576,0.9143843,0.9812913,1.102732,1.043821,1.192563,1.804035,Northern Chile data
1970,0.122609,0.174738,0.239472,0.31801,0.411506,0.52107,0.647771,0.792636,0.956652,1.140766,1.345887,1.572888,Northern Chile
1971,0.122613,0.175699,0.240665,0.319458,0.413229,0.523089,0.650106,0.795306,0.959675,1.14416,1.349668,1.577071,Northern Chile
1972,0.122616,0.175759,0.241696,0.320736,0.414778,0.524931,0.652263,0.797798,0.962522,1.147382,1.353283,1.581097,Northern Chile
1973,0.122638,0.176525,0.242703,0.322916,0.417424,0.528083,0.655959,0.802075,0.967415,1.152923,1.359507,1.588035,Northern Chile
1974,0.122599,0.183856,0.252545,0.334934,0.432712,0.54609,0.676874,0.82608,0.994686,1.183628,1.393806,1.626083,Northern Chile
1975,0.122576,0.182088,0.257729,0.342171,0.441629,0.557744,0.690679,0.842191,1.013252,1.204793,1.417708,1.652854,Northern Chile
1976,0.122607,0.174516,0.246587,0.335982,0.435327,0.550796,0.683985,0.835018,1.005611,1.196697,1.409169,1.643884,Northern Chile
1977,0.122614,0.172883,0.236949,0.322333,0.426154,0.540997,0.672993,0.823701,0.993204,1.183181,1.394527,1.628101,Northern Chile
1978,0.122612,0.172354,0.23465,0.311887,0.411544,0.530697,0.661891,0.811219,0.9802,1.168879,1.378901,1.611123,Northern Chile
1979,0.122629,0.171469,0.233025,0.308258,0.399514,0.51423,0.649444,0.797662,0.964939,1.152756,1.361124,1.591651,Northern Chile
1980,0.122623,0.175363,0.236954,0.312473,0.402838,0.510349,0.642401,0.79599,0.96358,1.151188,1.360257,1.590757,Northern Chile
1981,0.122633,0.167003,0.230474,0.303817,0.392072,0.496116,0.618217,0.765733,0.935626,1.120327,1.32582,1.553515,Northern Chile
1982,0.122619,0.160214,0.213672,0.287094,0.371221,0.471059,0.587458,0.722654,0.883976,1.068358,1.268204,1.48947,Northern Chile
1983,0.122617,0.166702,0.214956,0.280087,0.366158,0.463873,0.578203,0.709962,0.861353,1.039671,1.241818,1.460165,Northern Chile
1984,0.122632,0.176657,0.233808,0.296372,0.377009,0.479738,0.595218,0.728378,0.879989,1.052215,1.25231,1.477137,Northern Chile
1985,0.122606,0.180636,0.248687,0.321198,0.400405,0.498922,0.620719,0.75641,0.910878,1.084854,1.280454,1.504893,Northern Chile
1986,0.122597,0.17758,0.248902,0.33151,0.419795,0.515948,0.632536,0.773489,0.929375,1.105039,1.301168,1.51984,Northern Chile
1987,0.122607,0.169862,0.236274,0.320113,0.416283,0.519137,0.630827,0.763885,0.922202,1.096311,1.291022,1.506988,Northern Chile
1988,0.122628,0.172523,0.231847,0.311477,0.409638,0.521194,0.640457,0.769541,0.920936,1.098497,1.292722,1.508382,Northern Chile
1989,0.122619,0.165289,0.2255,0.296121,0.387992,0.499303,0.624884,0.759012,0.903768,1.071611,1.266364,1.478494,Northern Chile
1990,0.122661,0.1749,0.230211,0.304266,0.389888,0.497874,0.626372,0.77017,0.923504,1.088417,1.277328,1.494024,Northern Chile
1991,0.122614,0.173047,0.23747,0.306123,0.394636,0.495789,0.620339,0.766394,0.928702,1.101463,1.28668,1.496739,Northern Chile
1992,0.122597,0.165819,0.226699,0.302563,0.383614,0.485444,0.600801,0.740405,0.902332,1.081298,1.27147,1.474821,Northern Chile
1993,0.12258,0.169811,0.224448,0.297831,0.387242,0.482846,0.600197,0.732005,0.888954,1.069084,1.267076,1.477063,Northern Chile
1994,0.122583,0.177761,0.238336,0.307586,0.396802,0.503222,0.616967,0.753545,0.905626,1.08385,1.286218,1.507369,Northern Chile
1995,0.122591,0.179317,0.248214,0.323812,0.409341,0.516045,0.641116,0.77463,0.932051,1.106005,1.307092,1.533271,Northern Chile
1996,0.122627,0.173672,0.242749,0.325173,0.415427,0.516701,0.640198,0.783068,0.935347,1.112462,1.307,1.529527,Northern Chile
1997,0.122586,0.17871,0.243315,0.327243,0.425759,0.533301,0.653012,0.79605,0.959523,1.133424,1.33314,1.551216,Northern Chile
1998,0.122592,0.171474,0.239419,0.316969,0.414925,0.52851,0.652123,0.788869,0.949867,1.132188,1.325791,1.546024,Northern Chile
1999,0.122621,0.177756,0.239976,0.322528,0.415908,0.530867,0.662587,0.805421,0.962432,1.144698,1.34925,1.566004,Northern Chile
2000,0.122612,0.176747,0.24497,0.321523,0.419606,0.529669,0.662422,0.813002,0.97572,1.153599,1.357678,1.584946,Northern Chile
2001,0.122559,0.176591,0.243779,0.326295,0.418336,0.533058,0.660867,0.812429,0.982838,1.166368,1.366,1.592734,Northern Chile
2002,0.122595,0.172588,0.238718,0.319154,0.416026,0.523489,0.654658,0.799898,0.96984,1.159538,1.36323,1.58386,Northern Chile
2003,0.122629,0.170949,0.232635,0.311569,0.405879,0.517655,0.641014,0.789032,0.952037,1.140621,1.349805,1.573791,Northern Chile
2004,0.122588,0.175429,0.236516,0.312183,0.406267,0.516853,0.645987,0.787744,0.955158,1.13852,1.348382,1.579727,Northern Chile
2005,0.122584,0.177094,0.243114,0.318635,0.409942,0.520827,0.649332,0.797457,0.959238,1.147667,1.352994,1.585732,Northern Chile
2006,0.122608,0.179088,0.247261,0.328243,0.419977,0.528701,0.658161,0.806353,0.975237,1.158802,1.370002,1.599043,Northern Chile
2007,0.122586,0.173363,0.242115,0.323728,0.419273,0.526652,0.652061,0.799206,0.966044,1.154496,1.358515,1.591016,Northern Chile
2008,0.122591,0.172287,0.235081,0.316995,0.412868,0.523734,0.647451,0.790178,0.955582,1.141582,1.350063,1.574941,Northern Chile
2009,0.122648,0.171227,0.232683,0.308357,0.404225,0.515091,0.641945,0.782609,0.943203,1.127358,1.332958,1.561851,Northern Chile
2010,0.122617,0.179238,0.241501,0.317943,0.409854,0.523166,0.652635,0.799208,0.960662,1.143074,1.350035,1.579386,Northern Chile
2011,0.122603,0.178953,0.249196,0.326377,0.418984,0.52826,0.660092,0.809191,0.97646,1.159634,1.364749,1.595354,Northern Chile
2012,0.12259,0.178603,0.248494,0.333566,0.426816,0.536684,0.66437,0.815715,0.985387,1.174246,1.379987,1.608606,Northern Chile
2013,0.122603,0.18049,0.250504,0.335726,0.437413,0.54851,0.677412,0.825273,0.997888,1.189883,1.402076,1.632118,Northern Chile
2014,0.122563,0.175413,0.24607,0.330068,0.430444,0.548408,0.676866,0.824169,0.991431,1.184408,1.397684,1.632041,Northern Chile
2015,0.12259,0.175575,0.241244,0.325938,0.425147,0.541864,0.677255,0.824185,0.990964,1.178664,1.393003,1.62853,Northern Chile
2016,0.122632,0.162619,0.225283,0.301552,0.397731,0.509279,0.639155,0.788494,0.950129,1.132341,1.336172,1.567312,Northern Chile
2017,0.122602,0.165854,0.216293,0.290402,0.379072,0.488575,0.614332,0.759268,0.924486,1.102785,1.302414,1.524386,Northern Chile
2018,0.122649,0.178684,0.235498,0.300786,0.390988,0.496945,0.624884,0.770183,0.935722,1.122562,1.323462,1.546629,Northern Chile
2019,0.122695,0.20121,0.276241,0.353857,0.441688,0.556106,0.687889,0.843202,1.017361,1.213189,1.431688,1.66556,Northern Chile
2020,0.122642,0.190892,0.285897,0.378986,0.476171,0.585022,0.721859,0.877405,1.057771,1.258223,1.481533,1.728654,Northern Chile
2021,0.122601,0.200894,0.288066,0.403791,0.519335,0.64064,0.775216,0.939319,1.123612,1.334149,1.566135,1.822288,Northern Chile
2022,0.122606,0.219652,0.321412,0.434283,0.577856,0.723315,0.876524,1.044917,1.244674,1.466385,1.716031,1.98875,Northern Chile
2023,0.122612,0.176102,0.286084,0.402009,0.53023,0.690293,0.853338,1.025188,1.213234,1.433616,1.676885,1.948983,Northern Chile
2024,0.122612,0.176108,0.242534,0.366681,0.497956,0.642667,0.820317,1.002002,1.193505,1.402176,1.644116,1.909837,Northern Chile
1979,0.1569649,0.2021229,0.2713424,0.3456273,0.4440297,0.5700673,0.7093423,0.8673106,1.075719,1.313342,1.578796,1.825753,South central data
1980,0.2030919,0.2009822,0.2371281,0.2754207,0.3275101,0.3750594,0.5037833,0.8612334,0.9951477,1.159295,1.397407,1.534117,South central data
1981,0.1638569,0.1874818,0.2384203,0.2681818,0.3078269,0.3677967,0.4635753,0.7955722,0.9951477,1.159295,1.397407,1.534117,South central data
1982,0.1825628,0.2011661,0.2325852,0.2606243,0.2953161,0.3437894,0.4021003,0.4467673,0.9951477,1.159295,1.397407,1.534117,South central data
1983,0.1200638,0.1664255,0.2494177,0.2838452,0.329637,0.41762320000000003,0.497039,0.6055891,0.9951477,1.159295,1.397407,1.534117,South central data
1984,0.1505348,0.1479664,0.2425581,0.2890085,0.3415929,0.4205233,0.4986646,0.5667258,0.9951477,1.159295,1.397407,1.534117,South central data
1985,0.1919913,0.2042753,0.2326363,0.2994191,0.3655892,0.4523599,0.5368949,0.6268484,0.6954171,1.159295,1.397407,1.534117,South central data
1986,0.1361433,0.2121146,0.2726873,0.3131973,0.4078675,0.4747013,0.5504372,0.6874024,0.9996096,1.159295,1.397407,1.534117,South central data
1987,0.1259414,0.1368658,0.2180562,0.3348158,0.4070682,0.4551333,0.4922724,0.563898,0.8239994,1.159295,1.397407,1.534117,South central data
1988,0.1822906,0.1973105,0.2206887,0.3397598,0.44409,0.4901572,0.5387604,0.801143,1.107982,1.159295,1.397407,1.534117,South central data
1989,0.2111558,0.2236172,0.2572982,0.3103899,0.4364148,0.5361887,0.5793075,0.6247533,0.9483304,1.159295,1.397407,1.534117,South central data
1990,0.1098262,0.2713287,0.3181273,0.3802178,0.4565203,0.5720521,0.6752881,0.7524131,0.7968016,1.484836,1.397407,1.534117,South central data
1991,0.1704744,0.1356418,0.2947525,0.4184593,0.4691518,0.5384668,0.6571212,0.7614801,0.8292949,0.9211298,0.9661431,1.211166,South central data
1992,0.1469132,0.1857306,0.2301513,0.2959775,0.470392,0.5446617,0.6045111,0.7123569,0.8440921,0.967783,1.334361,1.534117,South central data
1993,0.1619597,0.1771304,0.2464664,0.3196657,0.3886246,0.5331162,0.6837792,0.8202819,0.9249876,1.117027,1.827258,1.534117,South central data
1994,0.1953464,0.2264017,0.2873626,0.3466979,0.4535636,0.6142527,0.7832115,0.8835419,1.013909,1.177842,1.581076,1.534117,South central data
1995,0.1735936,0.1895778,0.2662159,0.3390769,0.4245378,0.5626784,0.7969063,1.012164,1.186804,1.425176,1.797483,1.534117,South central data
1996,0.1893029,0.1925645,0.2807511,0.3617778,0.5121545,0.7041861,0.9541339,1.182428,1.355904,1.445308,2.008467,1.534117,South central data
1997,0.1742484,0.1957367,0.2657103,0.3599498,0.5178513,0.6991787,0.88718,1.083549,1.286712,1.528823,1.786438,1.778663,South central data
1998,0.1509109,0.1650645,0.2507305,0.3426146,0.5389495,0.7938069,1.024765,1.218285,1.403722,1.583515,1.933449,2.526217,South central data
1999,0.1607783,0.1667084,0.2590835,0.3377261,0.4942268,0.7894252,1.03884,1.234885,1.396515,1.653717,1.840768,1.95196,South central data
2000,0.1875431,0.1985347,0.2615524,0.3568495,0.4861258,0.800854,1.057831,1.159366,1.310321,1.454356,1.655568,2.052048,South central data
2001,0.1827897,0.2019619,0.2659981,0.335745,0.4551464,0.6135966,0.8679887,1.119457,1.394582,1.568499,1.812766,1.929316,South central data
2002,0.1822036,0.2012994,0.2651834,0.3299343,0.4489459,0.6375906,0.8595344,1.09259,1.312006,1.499319,1.665383,2.07272,South central data
2003,0.1735988,0.1921572,0.2492843,0.3051026,0.4031291,0.5875839,0.7864184,1.025697,1.261034,1.503562,1.733677,1.860694,South central data
2004,0.1954196,0.203685,0.2592072,0.3111681,0.3962746,0.5201817,0.6852567,0.857342,1.065275,1.394546,1.517042,1.771539,South central data
2005,0.082582,0.234478,0.2801149,0.3182222,0.3960397,0.5063872,0.6423895,0.7514278,0.9196058,1.160149,1.323906,1.605558,South central data
2006,0.1143924,0.1855874,0.2887004,0.3494106,0.4129838,0.5122648,0.6184664,0.7598961,0.9379996,1.040574,1.312011,1.724854,South central data
2007,0.1243306,0.1871145,0.2304796,0.3325443,0.4313013,0.5125954,0.624507,0.7766413,0.9092883,1.055941,1.228111,1.541965,South central data
2008,0.03337352,0.2154472,0.2869859,0.3363636,0.4212746,0.5248796,0.620094,0.7263266,0.8799001,1.016186,1.16031,1.479209,South central data
2009,0.1377923,0.1392881,0.2729103,0.3464209,0.4181168,0.5391295,0.623629,0.7589351,0.8920185,1.00727,1.137679,1.398248,South central data
2010,0.09494105,0.1822053,0.2364179,0.3212679,0.4136182,0.5393345,0.6506042,0.796128,1.056248,1.374346,1.560477,1.778165,South central data
2011,0.1978765,0.2022304,0.2956427,0.3602342,0.4783161,0.6403294,0.8059928,1.024834,1.26082,1.450085,1.873952,1.980855,South central data
2012,0.2005579,0.2131461,0.2970146,0.348841,0.4911934,0.6500815,0.8267282,1.061953,0.9679411,1.835302,2.222267,2.795959,South central data
2013,0.2176232,0.2446284,0.3120416,0.3807236,0.4482379,0.5798685,0.713884,0.9259645,1.292328,1.750509,2.08191,2.512122,South central data
2014,0.1917349,0.2653017,0.4181467,0.5439669,0.6432128,0.7854738,0.9132176,1.002492,1.34541,1.592197,2.406573,2.971161,South central data
2015,0.2140241,0.2140062,0.2818678,0.4795617,0.6104215,0.7464198,0.8841498,0.9904708,1.048912,1.238705,1.129591,1.48281,South central data
2016,0.2357683,0.2579246,0.3164536,0.3766218,0.4833772,0.5841827,0.790988,0.8716476,1.132441,1.284122,1.543783,2.045138,South central data
2017,0.1818216,0.2255663,0.2946036,0.3683379,0.4435464,0.5488533,0.6760053,0.921708,1.095721,1.390573,1.741291,1.582858,South central data
2018,0.1053533,0.2408689,0.3039696,0.3757951,0.4928608,0.5935819,0.7710815,0.9223757,1.341552,1.62739,1.791614,2.548984,South central data
2019,0.01872559,0.2677763,0.3054758,0.3926003,0.4817444,0.5780667,0.6825505,0.7590327,0.8876401,1.338831,1.978292,2.906318,South central data
2020,0.06212132,0.2297413,0.3021617,0.4241827,0.5604646,0.686345,0.8131479,1.014132,1.203624,1.366459,1.407528,2.80147,South central data
2021,0.2309736,0.2716323,0.3178626,0.404861,0.5615503,0.6949776,0.8085453,0.9555027,1.114651,1.404356,1.484232,1.692851,South central data
2022,0.2309736,0.2267862,0.3608536,0.411683,0.4581171,0.496089,0.5819053,0.6289076,0.9471036,1.404356,1.484232,1.692851,South central data
1970,0.152816,0.205607,0.271109,0.351383,0.448721,0.565672,0.705058,0.870011,1.063991,1.290825,1.554735,1.86038,South central
1971,0.153647,0.20595,0.271535,0.351904,0.449354,0.566431,0.705963,0.871082,1.065251,1.292298,1.556449,1.862365,South central
1972,0.154807,0.20638599999999999,0.271387,0.351729,0.449146,0.566188,0.70568,0.870752,1.06487,1.29186,1.555947,1.861791,South central
1973,0.157838,0.208768,0.273339,0.353439,0.451224,0.568688,0.708663,0.874287,1.069031,1.29673,1.561618,1.868364,South central
1974,0.156226,0.218996,0.284651,0.366335,0.466205,0.586709,0.730165,0.899758,1.09901,1.331814,1.602466,1.915703,South central
1975,0.148773,0.226835,0.306607,0.392019,0.496528,0.622628,0.773142,0.950793,1.159211,1.402405,1.684801,2.011273,South central
1976,0.149033,0.209923,0.302709,0.39959,0.504769,0.631995,0.784085,0.964212,1.175487,1.42196,1.708102,2.038839,South central
1977,0.146233,0.202793,0.276627,0.384456,0.498715,0.623866,0.77394,0.952064,1.161752,1.406484,1.690714,2.019356,South central
1978,0.149913,0.190659,0.257915,0.344181,0.46637,0.597134,0.741165,0.912754,1.115307,1.352642,1.628575,1.947927,South central
1979,0.1498,0.18979,0.240137,0.318552,0.417707,0.55471,0.702422,0.865765,1.05928,1.286649,1.551991,1.859449,South central
1980,0.148362,0.178977,0.225991,0.284503,0.372349,0.482343,0.631747,0.793588,0.972975,1.184648,1.432508,1.720916,South central
1981,0.150221,0.182546,0.221391,0.277971,0.347533,0.448078,0.572601,0.738559,0.919197,1.119857,1.355538,1.630423,South central
1982,0.144293,0.185726,0.2266,0.27538,0.343437,0.426189,0.541824,0.683541,0.869022,1.071756,1.297352,1.561102,South central
1983,0.148667,0.189687,0.24205,0.295625,0.359079,0.444,0.546044,0.683662,0.85034,1.064071,1.298686,1.560168,South central
1984,0.156248,0.190182,0.241198,0.305178,0.372173,0.45105,0.553615,0.675764,0.83621,1.028724,1.271613,1.539048,South central
1985,0.153069,0.199857,0.244291,0.30751,0.385586,0.468782,0.566193,0.689877,0.836005,1.02359,1.246732,1.524096,South central
1986,0.152838,0.202704,0.261443,0.319766,0.399029,0.495544,0.599835,0.721283,0.872259,1.049277,1.271722,1.534103,South central
1987,0.162144,0.190967,0.250014,0.319422,0.39007,0.483499,0.596219,0.718975,0.86139,1.036095,1.239892,1.492481,South central
1988,0.172948,0.212973,0.254034,0.327304,0.413143,0.502673,0.617704,0.75504,0.905745,1.079791,1.290195,1.534175,South central
1989,0.158312,0.218777,0.269837,0.323722,0.411806,0.51467,0.623678,0.760903,0.923439,1.102665,1.308899,1.555533,South central
1990,0.152014,0.212912,0.286524,0.352862,0.424396,0.532764,0.658833,0.794284,0.961531,1.158046,1.37562,1.625018,South central
1991,0.150141,0.189008,0.258813,0.342776,0.421072,0.50635,0.63044,0.774425,0.930217,1.120487,1.342984,1.589803,South central
1992,0.150669,0.193837,0.243225,0.325257,0.423345,0.517875,0.621724,0.766975,0.934987,1.117972,1.338931,1.595972,South central
1993,0.152318,0.207446,0.264284,0.329559,0.429945,0.549125,0.667785,0.79913,0.975601,1.178947,1.401808,1.667652,South central
1994,0.152181,0.216725,0.28736,0.36222,0.448315,0.572627,0.719181,0.869032,1.035791,1.252344,1.500925,1.774703,South central
1995,0.146823,0.218258,0.298711,0.387835,0.484055,0.594697,0.747092,0.925645,1.111829,1.31971,1.582671,1.883488,South central
1996,0.144934,0.232466,0.324522,0.428939,0.545748,0.673784,0.820824,1.014695,1.24034,1.479822,1.747853,2.078519,South central
1997,0.143696,0.206687,0.309088,0.418424,0.542803,0.682553,0.836835,1.013782,1.241608,1.505684,1.788538,2.105388,South central
1998,0.147761,0.229474,0.313119,0.439522,0.576586,0.732831,0.909038,1.10486,1.328973,1.610182,1.934503,2.285169,South central
1999,0.147987,0.207012,0.302992,0.403216,0.548772,0.707847,0.889274,1.094175,1.322577,1.583564,1.906386,2.277548,South central
2000,0.151196,0.205272,0.27809,0.390099,0.508841,0.675678,0.8591,1.068269,1.304669,1.568721,1.869941,2.238051,South central
2001,0.157893,0.202649,0.269114,0.356329,0.484971,0.622827,0.811532,1.019872,1.257333,1.525754,1.825943,2.167839,South central
2002,0.162692,0.209616,0.266825,0.347763,0.451698,0.599554,0.759392,0.973146,1.209926,1.479576,1.784323,2.125402,South central
2003,0.169615,0.205257,0.26243,0.33155,0.426247,0.545994,0.711941,0.892393,1.129552,1.392821,1.692367,2.030763,South central
2004,0.158718,0.208426,0.253412,0.321445,0.403111,0.512226,0.648468,0.83321,1.035002,1.296314,1.586842,1.917069,South central
2005,0.148123,0.198512,0.2578,0.313922,0.394818,0.491267,0.617294,0.772808,0.97943,1.205988,1.495248,1.817234,South central
2006,0.147,0.195278,0.25702,0.329504,0.400868,0.499282,0.615771,0.764635,0.946077,1.182046,1.441722,1.76826,South central
2007,0.14349,0.192023,0.251142,0.325482,0.412519,0.500609,0.618158,0.756452,0.930072,1.139533,1.407123,1.702391,South central
2008,0.140409,0.190086,0.249839,0.321996,0.411399,0.515747,0.623641,0.763755,0.927671,1.130289,1.372477,1.676904,South central
2009,0.143289,0.189556,0.251067,0.324572,0.412616,0.520277,0.645512,0.777208,0.944347,1.138848,1.375984,1.657026,South central
2010,0.149212,0.208831,0.270878,0.350729,0.445421,0.557813,0.693329,0.850305,1.01804,1.225967,1.4665,1.75545,South central
2011,0.160166,0.236512,0.31715,0.403626,0.511697,0.63882,0.788315,0.966109,1.171088,1.393152,1.662393,1.971941,South central
2012,0.165687,0.235671,0.330197,0.431963,0.542846,0.678967,0.83818,1.024242,1.243553,1.495522,1.770615,2.099547,South central
2013,0.155572,0.224972,0.309231,0.420346,0.541276,0.674183,0.8355,1.023424,1.242085,1.498291,1.791897,2.113859,South central
2014,0.166845,0.249727,0.341796,0.452401,0.593952,0.74986,0.922783,1.129697,1.369393,1.646648,1.968983,2.337022,South central
2015,0.156526,0.196738,0.286817,0.387251,0.50752,0.660175,0.828788,1.016188,1.239539,1.497838,1.796088,2.142054,South central
2016,0.159523,0.198997,0.249436,0.351398,0.465561,0.601607,0.772313,0.961494,1.172247,1.422029,1.710157,2.041983,South central
2017,0.15841,0.209235,0.260678,0.325026,0.443059,0.575689,0.732863,0.927643,1.144158,1.385848,1.670544,1.997972,South central
2018,0.159398,0.239776,0.310192,0.384402,0.475052,0.623312,0.790523,0.987101,1.226621,1.493773,1.792609,2.141629,South central
2019,0.159301,0.210305,0.30294,0.387601,0.478267,0.587829,0.757724,0.949589,1.174159,1.44536,1.748265,2.087346,South central
2020,0.162444,0.228797,0.296533,0.408614,0.51574,0.632223,0.771321,0.974872,1.20495,1.472768,1.792779,2.150624,South central
2021,0.155897,0.209258,0.286882,0.367718,0.494931,0.619448,0.755827,0.917596,1.146888,1.406099,1.706797,2.063816,South central
2022,0.155169,0.19349,0.255903,0.344047,0.437034,0.578214,0.718708,0.873293,1.055734,1.308421,1.594035,1.924452,South central
2023,0.153514,0.211103,0.262891,0.340955,0.447179,0.560946,0.725898,0.893479,1.07882,1.29607,1.588041,1.917874,South central
2024,0.153514,0.209448,0.280504,0.347944,0.444088,0.571091,0.70863,0.90067,1.099007,1.319157,1.575691,1.91188,South central
1979,0.1570976,0.2230949,0.3286991,0.4290298,0.61337680000000006,0.7405042,0.8348471,0.9347027,1.049392,1.145142,1.30798,1.543105,Offshore data
1980,0.1570976,0.2230949,0.3286991,0.4290298,0.61337680000000006,0.7405042,0.8348471,0.9347027,1.049392,1.145142,1.30798,1.543105,Offshore data
1981,0.1570976,0.2230949,0.3286991,0.4290298,0.61337680000000006,0.7405042,0.8348471,0.9347027,1.049392,1.145142,1.30798,1.543105,Offshore data
1982,0.1570976,0.2230949,0.3286991,0.4290298,0.61337680000000006,0.7405042,0.8348471,0.9347027,1.049392,1.145142,1.30798,1.543105,Offshore data
1983,0.1570976,0.2230949,0.3286991,0.4290298,0.61337680000000006,0.7405042,0.8348471,0.9347027,1.049392,1.145142,1.30798,1.543105,Offshore data
1984,0.1570976,0.2230949,0.3286991,0.4290298,0.61337680000000006,0.7405042,0.8348471,0.9347027,1.049392,1.145142,1.30798,1.543105,Offshore data
1985,0.1570976,0.2230949,0.3286991,0.4290298,0.61337680000000006,0.7405042,0.8348471,0.9347027,1.049392,1.145142,1.30798,1.543105,Offshore data
1986,0.1570976,0.2230949,0.3286991,0.4290298,0.61337680000000006,0.7405042,0.8348471,0.9347027,1.049392,1.145142,1.30798,1.543105,Offshore data
1987,0.1570976,0.2230949,0.3286991,0.4290298,0.61337680000000006,0.7405042,0.8348471,0.9347027,1.049392,1.145142,1.30798,1.543105,Offshore data
1988,0.1570976,0.2230949,0.3286991,0.4290298,0.61337680000000006,0.7405042,0.8348471,0.9347027,1.049392,1.145142,1.30798,1.543105,Offshore data
1989,0.1570976,0.2230949,0.3286991,0.4290298,0.61337680000000006,0.7405042,0.8348471,0.9347027,1.049392,1.145142,1.30798,1.543105,Offshore data
1990,0.1570976,0.2230949,0.3286991,0.4290298,0.61337680000000006,0.7405042,0.8348471,0.9347027,1.049392,1.145142,1.30798,1.543105,Offshore data
1991,0.1570976,0.2230949,0.3286991,0.4290298,0.61337680000000006,0.7405042,0.8348471,0.9347027,1.049392,1.145142,1.30798,1.543105,Offshore data
1992,0.1570976,0.2230949,0.3286991,0.4290298,0.61337680000000006,0.7405042,0.8348471,0.9347027,1.049392,1.145142,1.30798,1.543105,Offshore data
1993,0.1570976,0.2230949,0.3286991,0.4290298,0.61337680000000006,0.7405042,0.8348471,0.9347027,1.049392,1.145142,1.30798,1.543105,Offshore data
1994,0.1570976,0.2230949,0.3286991,0.4290298,0.61337680000000006,0.7405042,0.8348471,0.9347027,1.049392,1.145142,1.30798,1.543105,Offshore data
1995,0.1570976,0.2230949,0.3286991,0.4290298,0.61337680000000006,0.7405042,0.8348471,0.9347027,1.049392,1.145142,1.30798,1.543105,Offshore data
1996,0.1570976,0.2230949,0.3286991,0.4290298,0.61337680000000006,0.7405042,0.8348471,0.9347027,1.049392,1.145142,1.30798,1.543105,Offshore data
1997,0.1570976,0.2230949,0.3286991,0.4290298,0.61337680000000006,0.7405042,0.8348471,0.9347027,1.049392,1.145142,1.30798,1.543105,Offshore data
1998,0.1570976,0.2230949,0.3286991,0.4290298,0.61337680000000006,0.7405042,0.8348471,0.9347027,1.049392,1.145142,1.30798,1.543105,Offshore data
1999,0.1570976,0.2230949,0.3286991,0.4290298,0.61337680000000006,0.7405042,0.8348471,0.9347027,1.049392,1.145142,1.30798,1.543105,Offshore data
2000,0.1570976,0.2230949,0.3286991,0.4290298,0.61337680000000006,0.7405042,0.8348471,0.9347027,1.049392,1.145142,1.30798,1.543105,Offshore data
2001,0.1570976,0.2230949,0.3286991,0.4290298,0.61337680000000006,0.7405042,0.8348471,0.9347027,1.049392,1.145142,1.30798,1.543105,Offshore data
2002,0.1570976,0.2230949,0.3286991,0.4290298,0.61337680000000006,0.7405042,0.8348471,0.9347027,1.049392,1.145142,1.30798,1.543105,Offshore data
2003,0.1570976,0.2230949,0.3286991,0.4290298,0.61337680000000006,0.7405042,0.8348471,0.9347027,1.049392,1.145142,1.30798,1.543105,Offshore data
2004,0.1570976,0.2230949,0.3286991,0.4290298,0.61337680000000006,0.7405042,0.8348471,0.9347027,1.049392,1.145142,1.30798,1.543105,Offshore data
2005,0.1570976,0.2230949,0.3286991,0.4290298,0.61337680000000006,0.7405042,0.8348471,0.9347027,1.049392,1.145142,1.30798,1.543105,Offshore data
2006,0.1570976,0.2230949,0.3286991,0.4290298,0.61337680000000006,0.7405042,0.8348471,0.9347027,1.049392,1.145142,1.30798,1.543105,Offshore data
2007,0.1570976,0.2230949,0.3286991,0.4290298,0.61337680000000006,0.7405042,0.8348471,0.9347027,1.049392,1.145142,1.30798,1.543105,Offshore data
2008,0.1570976,0.2230949,0.3286991,0.4290298,0.61337680000000006,0.7405042,0.8348471,0.9347027,1.049392,1.145142,1.30798,1.543105,Offshore data
2009,0.1570976,0.2230949,0.3286991,0.4290298,0.61337680000000006,0.7405042,0.8348471,0.9347027,1.049392,1.145142,1.30798,1.543105,Offshore data
2010,0.1570976,0.2230949,0.3286991,0.4290298,0.61337680000000006,0.7405042,0.8348471,0.9347027,1.049392,1.145142,1.30798,1.543105,Offshore data
2011,0.1570976,0.2230949,0.3286991,0.4290298,0.61337680000000006,0.7405042,0.8348471,0.9347027,1.049392,1.145142,1.30798,1.543105,Offshore data
2012,0.1570976,0.2230949,0.3286991,0.4290298,0.61337680000000006,0.7405042,0.8348471,0.9347027,1.049392,1.145142,1.30798,1.543105,Offshore data
2013,0.1570976,0.2230949,0.3286991,0.4290298,0.61337680000000006,0.7405042,0.8348471,0.9347027,1.049392,1.145142,1.30798,1.543105,Offshore data
2014,0.1570976,0.2230949,0.3286991,0.4290298,0.61337680000000006,0.7405042,0.8348471,0.9347027,1.049392,1.145142,1.30798,1.543105,Offshore data
2015,0.2277163,0.2479763,0.2949346,0.4341676,0.6548281,0.8175691,0.9325919,1.097617,1.214485,1.325849,1.270054,1.822918,Offshore data
2016,0.3107392,0.3827896,0.3991144,0.4283434,0.4813015,0.6104505,0.837006,0.8826694,0.985119,1.093841,1.535457,1.264915,Offshore data
2017,0.05911567,0.191747,0.4696284,0.5485503,0.6590853,0.7032152,0.7388591,0.9223704,0.9621061,1.093707,1.359284,1.543105,Offshore data
2018,0.0663342,0.1463582,0.3051961,0.387927,0.5070352,0.6064834,0.648915,0.6343477,0.7784029,0.8678509,1.051457,1.679907,Offshore data
2019,0.1267247,0.1357683,0.2442465,0.5099079,0.789683,0.9268152,1.04037,1.042165,1.128137,1.263351,1.249168,1.404681,Offshore data
2020,0.1519559,0.2339302,0.2590749,0.2652827,0.5883277,0.7784921,0.81134,1.029047,1.228105,1.226253,1.382457,1.543105,Offshore data
2021,0.1028666,0.2043553,0.2513063,0.276745,0.2787436,0.3434552,0.5437368,0.6695599,0.6171546,0.9661307,1.031824,0.979,Offshore data
2022,0.1323921,0.1348089,0.2231662,0.3108992,0.4243092,0.5543717,0.6818613,0.8244251,1.011152,1.153175,1.270145,1.420287,Offshore data
1970,0.136804,0.225613,0.33085,0.447816,0.572083,0.699783,0.82772,0.953368,1.074822,1.190716,1.300136,1.402534,Offshore
1971,0.136805,0.228654,0.334454,0.451821,0.576338,0.704156,0.832101,0.957671,1.078981,1.194684,1.303882,1.40604,Offshore
1972,0.136803,0.22822,0.336979,0.454851,0.579734,0.707785,0.835846,0.961435,1.082688,1.198275,1.307314,1.409284,Offshore
1973,0.136803,0.226958,0.335052,0.455717,0.581001,0.709369,0.83766,0.963398,1.08473,1.200338,1.309352,1.411264,Offshore
1974,0.136807,0.225424,0.331973,0.451771,0.579721,0.708432,0.837036,0.963043,1.084596,1.200379,1.309526,1.411534,Offshore
1975,0.136817,0.22485,0.329754,0.44793,0.574966,0.706321,0.835265,0.961601,1.08345,1.199491,1.308855,1.411042,Offshore
1976,0.136808,0.227027,0.331747,0.448565,0.574157,0.704681,0.836276,0.962896,1.084971,1.201172,1.310636,1.412868,Offshore
1977,0.136806,0.227485,0.334477,0.451173,0.575445,0.704543,0.835308,0.964566,1.086904,1.203302,1.312893,1.415188,Offshore
1978,0.136807,0.227499,0.334953,0.453923,0.578075,0.705853,0.835192,0.96362,1.088596,1.205255,1.315041,1.417462,Offshore
1979,0.136809,0.227469,0.334932,0.45436,0.580783,0.70844,0.83646,0.963463,1.087609,1.206908,1.316958,1.419576,Offshore
1980,0.136809,0.227208,0.334591,0.453992,0.580852,0.71077,0.838668,0.964358,1.087092,1.205578,1.318287,1.42119,Offshore
1981,0.136809,0.227168,0.334282,0.453598,0.580428,0.710782,0.84094,0.966509,1.087932,1.205009,1.316908,1.422473,Offshore
1982,0.136809,0.227168,0.334242,0.45329,0.580034,0.710358,0.840952,0.968782,1.090084,1.205849,1.316338,1.421093,Offshore
1983,0.136809,0.227173,0.334247,0.453256,0.579732,0.70997,0.840534,0.9688,1.092362,1.208006,1.317184,1.420529,Offshore
1984,0.136809,0.227175,0.334254,0.453264,0.579701,0.709671,0.84015,0.968385,1.092383,1.210288,1.319344,1.421377,Offshore
1985,0.136809,0.22718,0.334263,0.453278,0.579716,0.709648,0.839858,0.968008,1.091976,1.210315,1.321632,1.423543,Offshore
1986,0.136809,0.227187,0.334277,0.453296,0.57974,0.709673,0.839845,0.967727,1.091608,1.209917,1.321668,1.425839,Offshore
1987,0.136809,0.227192,0.334289,0.453315,0.579764,0.709703,0.839877,0.967719,1.091333,1.209555,1.321275,1.42588,Offshore
1988,0.136809,0.227191,0.334293,0.453327,0.579783,0.709727,0.839906,0.967751,1.091325,1.20928,1.320913,1.425487,Offshore
1989,0.136809,0.22719,0.334291,0.453329,0.579793,0.709743,0.839928,0.967778,1.091355,1.20927,1.320636,1.425124,Offshore
1990,0.136809,0.227189,0.334288,0.453326,0.579793,0.709752,0.839943,0.967798,1.091381,1.209298,1.320625,1.424845,Offshore
1991,0.136809,0.227188,0.334287,0.453322,0.579789,0.709752,0.839951,0.967813,1.0914,1.209324,1.320652,1.424834,Offshore
1992,0.136809,0.227188,0.334286,0.45332,0.579786,0.709747,0.83995,0.96782,1.091415,1.209343,1.320678,1.424861,Offshore
1993,0.136809,0.227188,0.334285,0.453319,0.579784,0.709744,0.839946,0.96782,1.091422,1.209357,1.320697,1.424886,Offshore
1994,0.136809,0.227188,0.334286,0.45332,0.579783,0.709742,0.839943,0.967816,1.091422,1.209365,1.320711,1.424905,Offshore
1995,0.136809,0.227186,0.334284,0.453317,0.579781,0.709739,0.839938,0.96781,1.091415,1.209362,1.320716,1.424918,Offshore
1996,0.136809,0.227185,0.33428,0.453314,0.579777,0.709735,0.839934,0.967804,1.091408,1.209354,1.320713,1.424922,Offshore
1997,0.136809,0.227188,0.334282,0.453314,0.579777,0.709734,0.839933,0.967803,1.091405,1.20935,1.320708,1.424921,Offshore
1998,0.136809,0.227192,0.334289,0.453321,0.579782,0.70974,0.839938,0.967808,1.091409,1.209352,1.320708,1.42492,Offshore
1999,0.136809,0.227193,0.334295,0.453329,0.579791,0.709747,0.839946,0.967815,1.091415,1.209358,1.320712,1.424922,Offshore
2000,0.136809,0.227207,0.334313,0.453354,0.57982,0.709777,0.839973,0.967842,1.091442,1.209383,1.320735,1.424943,Offshore
2001,0.136808,0.227224,0.334347,0.453394,0.579867,0.709829,0.840027,0.967894,1.091493,1.209431,1.320781,1.424985,Offshore
2002,0.136808,0.22719,0.334324,0.453384,0.579861,0.709829,0.840032,0.9679,1.091499,1.209439,1.320789,1.424992,Offshore
2003,0.136808,0.227124,0.334213,0.453274,0.579759,0.709728,0.839936,0.967811,1.091415,1.209358,1.320714,1.424924,Offshore
2004,0.136813,0.2269,0.333881,0.452868,0.579336,0.709304,0.839513,0.9674,1.09102,1.208983,1.320359,1.424592,Offshore
2005,0.1368,0.227834,0.334758,0.453761,0.58023,0.710217,0.840427,0.96829,1.091879,1.2098,1.321127,1.425307,Offshore
2006,0.136817,0.225907,0.333424,0.452116,0.578444,0.708358,0.838583,0.966497,1.090152,1.208161,1.319586,1.423868,Offshore
2007,0.136815,0.227215,0.333027,0.452483,0.578606,0.708429,0.838584,0.966479,1.090124,1.208119,1.319538,1.423817,Offshore
2008,0.136805,0.228565,0.335937,0.453866,0.580864,0.710535,0.840602,0.968393,1.091955,1.209856,1.321162,1.425327,Offshore
2009,0.136799,0.22855,0.337282,0.45677,0.582241,0.712787,0.842702,0.970405,1.093863,1.211681,1.322893,1.426946,Offshore
2010,0.13681,0.227702,0.336268,0.457004,0.583966,0.712952,0.843739,0.971312,1.094722,1.212489,1.323679,1.427704,Offshore
2011,0.13679,0.229826,0.337923,0.458774,0.587157,0.717715,0.846948,0.975339,1.098519,1.216105,1.32709,1.430927,Offshore
2012,0.13678,0.227907,0.337798,0.457928,0.586269,0.718176,0.848976,0.975861,1.099949,1.217424,1.328367,1.432149,Offshore
2013,0.136812,0.222615,0.32962,0.450846,0.578033,0.709693,0.841828,0.970416,1.093248,1.211961,1.323179,1.427336,Offshore
2014,0.136859,0.220651,0.321962,0.440039,0.568158,0.698586,0.830469,0.960444,1.085073,1.202655,1.315257,1.419846,Offshore
2015,0.136923,0.225659,0.32587699999999997,0.438915,0.564292,0.695844,0.826509,0.956104,1.081885,1.200954,1.312063,1.417644,Offshore
2016,0.136814,0.226876,0.332251,0.444349,0.564782,0.693637,0.825429,0.953776,1.079122,1.199271,1.311783,1.41578,Offshore
2017,0.136673,0.247795,0.358387,0.478419,0.59964,0.724365,0.853515,0.982446,1.105552,1.22395,1.336008,1.439746,Offshore
2018,0.13674,0.204425,0.32808,0.447619,0.573221,0.697062,0.821967,0.949371,1.075103,1.193967,1.307426,1.414127,Offshore
2019,0.136793,0.224384,0.308281,0.443511,0.570256,0.699246,0.82332,0.945967,1.069232,1.189476,1.301951,1.40848,Offshore
2020,0.136791,0.193413,0.291477,0.382851,0.522736,0.651669,0.78081,0.903426,1.023398,1.143119,1.259235,1.367233,Offshore
2021,0.136798,0.188522,0.254713,0.359609,0.455236,0.597122,0.726193,0.854001,0.974173,1.090906,1.206856,1.318882,Offshore
2022,0.136807,0.213391,0.279284,0.355591,0.466783,0.565372,0.707461,0.834558,0.958749,1.074125,1.185275,1.295169,Offshore
2023,0.136807,0.226906,0.320157,0.397949,0.481662,0.596338,0.695167,0.834934,0.957776,1.076326,1.185134,1.289161,Offshore
2024,0.136807,0.226906,0.333672,0.438822,0.52402,0.611217,0.726133,0.82264,0.958152,1.075353,1.187335,1.289019,Offshore
1979,0.05123909,0.1646477,0.2668904,0.3454878,0.4435823,0.5686678,0.7777774,0.9182731,1.029285,1.251758,1.479479,1.534117,Acoustic N Chile data
1980,0.05123909,0.1646477,0.2668904,0.3454878,0.4435823,0.5686678,0.7777774,0.9182731,1.029285,1.251758,1.479479,1.534117,Acoustic N Chile data
1981,0.05123909,0.1646477,0.2668904,0.3454878,0.4435823,0.5686678,0.7777774,0.9182731,1.029285,1.251758,1.479479,1.534117,Acoustic N Chile data
1982,0.05123909,0.1646477,0.2668904,0.3454878,0.4435823,0.5686678,0.7777774,0.9182731,1.029285,1.251758,1.479479,1.534117,Acoustic N Chile data
1983,0.05123909,0.1646477,0.2668904,0.3454878,0.4435823,0.5686678,0.7777774,0.9182731,1.029285,1.251758,1.479479,1.534117,Acoustic N Chile data
1984,0.05123909,0.1646477,0.2668904,0.3454878,0.4435823,0.5686678,0.7777774,0.9182731,1.029285,1.251758,1.479479,1.534117,Acoustic N Chile data
1985,0.05123909,0.1646477,0.2668904,0.3454878,0.4435823,0.5686678,0.7777774,0.9182731,1.029285,1.251758,1.479479,1.534117,Acoustic N Chile data
1986,0.05123909,0.1646477,0.2668904,0.3454878,0.4435823,0.5686678,0.7777774,0.9182731,1.029285,1.251758,1.479479,1.534117,Acoustic N Chile data
1987,0.05123909,0.1646477,0.2668904,0.3454878,0.4435823,0.5686678,0.7777774,0.9182731,1.029285,1.251758,1.479479,1.534117,Acoustic N Chile data
1988,0.05123909,0.1646477,0.2668904,0.3454878,0.4435823,0.5686678,0.7777774,0.9182731,1.029285,1.251758,1.479479,1.534117,Acoustic N Chile data
1989,0.05123909,0.1646477,0.2668904,0.3454878,0.4435823,0.5686678,0.7777774,0.9182731,1.029285,1.251758,1.479479,1.534117,Acoustic N Chile data
1990,0.05123909,0.1646477,0.2668904,0.3454878,0.4435823,0.5686678,0.7777774,0.9182731,1.029285,1.251758,1.479479,1.534117,Acoustic N Chile data
1991,0.05123909,0.1646477,0.2668904,0.3454878,0.4435823,0.5686678,0.7777774,0.9182731,1.029285,1.251758,1.479479,1.534117,Acoustic N Chile data
1992,0.05123909,0.1646477,0.2668904,0.3454878,0.4435823,0.5686678,0.7777774,0.9182731,1.029285,1.251758,1.479479,1.534117,Acoustic N Chile data
1993,0.05123909,0.1646477,0.2668904,0.3454878,0.4435823,0.5686678,0.7777774,0.9182731,1.029285,1.251758,1.479479,1.534117,Acoustic N Chile data
1994,0.05123909,0.1646477,0.2668904,0.3454878,0.4435823,0.5686678,0.7777774,0.9182731,1.029285,1.251758,1.479479,1.534117,Acoustic N Chile data
1995,0.05123909,0.1646477,0.2668904,0.3454878,0.4435823,0.5686678,0.7777774,0.9182731,1.029285,1.251758,1.479479,1.534117,Acoustic N Chile data
1996,0.05123909,0.1646477,0.2668904,0.3454878,0.4435823,0.5686678,0.7777774,0.9182731,1.029285,1.251758,1.479479,1.534117,Acoustic N Chile data
1997,0.05123909,0.1646477,0.2668904,0.3454878,0.4435823,0.5686678,0.7777774,0.9182731,1.029285,1.251758,1.479479,1.534117,Acoustic N Chile data
1998,0.05123909,0.1646477,0.2668904,0.3454878,0.4435823,0.5686678,0.7777774,0.9182731,1.029285,1.251758,1.479479,1.534117,Acoustic N Chile data
1999,0.05123909,0.1646477,0.2668904,0.3454878,0.4435823,0.5686678,0.7777774,0.9182731,1.029285,1.251758,1.479479,1.534117,Acoustic N Chile data
2000,0.05123909,0.1646477,0.2668904,0.3454878,0.4435823,0.5686678,0.7777774,0.9182731,1.029285,1.251758,1.479479,1.534117,Acoustic N Chile data
2001,0.05123909,0.1646477,0.2668904,0.3454878,0.4435823,0.5686678,0.7777774,0.9182731,1.029285,1.251758,1.479479,1.534117,Acoustic N Chile data
2002,0.05123909,0.1646477,0.2668904,0.3454878,0.4435823,0.5686678,0.7777774,0.9182731,1.029285,1.251758,1.479479,1.534117,Acoustic N Chile data
2003,0.05123909,0.1646477,0.2668904,0.3454878,0.4435823,0.5686678,0.7777774,0.9182731,1.029285,1.251758,1.479479,1.534117,Acoustic N Chile data
2004,0.05123909,0.1646477,0.2668904,0.3454878,0.4435823,0.5686678,0.7777774,0.9182731,1.029285,1.251758,1.479479,1.534117,Acoustic N Chile data
2005,0.05123909,0.1646477,0.2668904,0.3454878,0.4435823,0.5686678,0.7777774,0.9182731,1.029285,1.251758,1.479479,1.534117,Acoustic N Chile data
2006,0.0424789,0.1345832,0.2527343,0.3218395,0.427621,0.56334,0.7091364,0.8612334,0.9951477,1.159295,1.397407,1.534117,Acoustic N Chile data
2007,0.138285,0.1899974,0.2269567,0.2191255,0.2233016,0.56334,0.7091364,0.8612334,0.9951477,1.159295,1.397407,1.534117,Acoustic N Chile data
2008,0.05123909,0.1646477,0.2668904,0.3454878,0.4435823,0.5686678,0.7777774,0.9182731,1.029285,1.251758,1.479479,1.534117,Acoustic N Chile data
2009,0.1260765,0.1632907,0.3010369,0.3958422,0.4637876,0.56334,0.7091364,0.8612334,0.9951477,1.159295,1.397407,1.534117,Acoustic N Chile data
2010,0.05123909,0.1646477,0.2668904,0.3454878,0.4435823,0.5686678,0.7777774,0.9182731,1.029285,1.251758,1.479479,1.534117,Acoustic N Chile data
2011,0.05123909,0.1646477,0.2668904,0.3454878,0.4435823,0.5686678,0.7777774,0.9182731,1.029285,1.251758,1.479479,1.534117,Acoustic N Chile data
2012,0.05123909,0.1646477,0.2668904,0.3454878,0.4435823,0.5686678,0.7777774,0.9182731,1.029285,1.251758,1.479479,1.534117,Acoustic N Chile data
2013,0.02654195,0.1861498,0.2635313,0.4203471,0.4956126,0.5318227,0.7268747,0.8612334,0.9951477,1.159295,1.397407,1.534117,Acoustic N Chile data
2014,0.041325,0.1468553,0.342796,0.634333,0.6323257,0.56334,0.7091364,0.8612334,0.9951477,1.159295,1.397407,1.534117,Acoustic N Chile data
2015,0.02203066,0.1665058,0.332076,0.4561565,0.5821399,0.7772382,0.9958621,0.8612334,0.9951477,1.159295,1.397407,1.534117,Acoustic N Chile data
2016,0.03934059,0.1671532,0.2617176,0.3002802,0.5114804,0.6357039,0.7643738,0.8612334,0.6746521,1.159295,1.397407,1.534117,Acoustic N Chile data
2017,0.03492475,0.157142,0.2736127,0.2308947,0.4735364,0.56334,0.9548727,1.239868,1.691159,2.176387,2.300196,1.534117,Acoustic N Chile data
2018,0.02774366,0.1466234,0.2002262,0.3018081,0.3636924,0.4977319,0.8298598,1.110037,0.9951477,1.159295,1.397407,1.534117,Acoustic N Chile data
2019,0.03134597,0.1716072,0.2493305,0.2786145,0.4449224,0.6202207,0.738026,0.8612334,0.9951477,1.159295,1.397407,1.534117,Acoustic N Chile data
2020,0.03353694,0.181217,0.2317765,0.2411244,0.2609857,0.3759278,0.7091364,0.8612334,0.9951477,1.159295,1.397407,1.534117,Acoustic N Chile data
2021,0.03088163,0.2187366,0.3162658,0.3589108,0.43563,0.5551511,0.5616959,0.8373977,0.9043082,1.159295,1.397407,1.534117,Acoustic N Chile data
2022,0.03088163,0.2187366,0.3162658,0.3589108,0.43563,0.5551511,0.5616959,0.8373977,0.9043082,1.159295,1.397407,1.534117,Acoustic N Chile data
1970,0.097406,0.162105,0.24468,0.344495,0.46044,0.591092,0.734842,0.889987,1.054802,1.227591,1.406726,1.590674,Acoustic N Chile
1971,0.097408,0.162653,0.24538,0.345341,0.461422,0.5922,0.736061,0.891302,1.056198,1.229055,1.408244,1.592233,Acoustic N Chile
1972,0.097409,0.162556,0.245802,0.345889,0.462092,0.592983,0.736949,0.892284,1.057262,1.230189,1.409436,1.593471,Acoustic N Chile
1973,0.09741,0.162627,0.245794,0.346419,0.462764,0.593793,0.737887,0.893339,1.058422,1.231438,1.410762,1.59486,Acoustic N Chile
1974,0.097408,0.163065,0.246423,0.347085,0.464078,0.595348,0.739668,0.895326,1.06059,1.233765,1.413222,1.597429,Acoustic N Chile
1975,0.097405,0.163255,0.247106,0.348009,0.465087,0.597048,0.741648,0.897565,1.063064,1.236444,1.416078,1.600433,Acoustic N Chile
1976,0.097405,0.162843,0.246773,0.34806,0.465277,0.597231,0.742439,0.898565,1.064262,1.237826,1.417626,1.602126,Acoustic N Chile
1977,0.097409,0.162307,0.245677,0.346901,0.464369,0.59634,0.741432,0.898071,1.063896,1.237593,1.417524,1.60215,Acoustic N Chile
1978,0.097409,0.16233,0.245166,0.345835,0.463244,0.59547,0.740583,0.89711,1.063451,1.237279,1.417344,1.602103,Acoustic N Chile
1979,0.097407,0.16239,0.245266,0.345417,0.462286,0.594467,0.739848,0.896406,1.062644,1.236995,1.417197,1.602094,Acoustic N Chile
1980,0.097407,0.16248,0.245444,0.345659,0.462034,0.593696,0.73905,0.895892,1.062175,1.236434,1.417168,1.60221,Acoustic N Chile
1981,0.097407,0.162507,0.245568,0.345879,0.462324,0.593497,0.738338,0.895158,1.061729,1.236036,1.416681,1.602258,Acoustic N Chile
1982,0.097407,0.162514,0.245604,0.346014,0.462556,0.593802,0.738155,0.894463,1.061014,1.23561,1.416304,1.601791,Acoustic N Chile
1983,0.097407,0.162514,0.245611,0.34605,0.462691,0.594034,0.73846,0.89428,1.060319,1.234894,1.415877,1.601414,Acoustic N Chile
1984,0.097407,0.162511,0.245607,0.346052,0.462722,0.594163,0.738685,0.894578,1.060128,1.234191,1.415154,1.600978,Acoustic N Chile
1985,0.097407,0.162508,0.2456,0.346043,0.462718,0.594187,0.738807,0.894795,1.060417,1.233992,1.414441,1.600245,Acoustic N Chile
1986,0.097407,0.162505,0.245593,0.346031,0.462703,0.594176,0.738823,0.894909,1.060626,1.234272,1.414232,1.599523,Acoustic N Chile
1987,0.097407,0.162502,0.245586,0.346019,0.462686,0.594156,0.738807,0.894919,1.060733,1.234473,1.414505,1.599307,Acoustic N Chile
1988,0.097407,0.162501,0.245582,0.346011,0.462673,0.594137,0.738785,0.894901,1.060741,1.234578,1.414704,1.599577,Acoustic N Chile
1989,0.097407,0.162502,0.245582,0.346008,0.462666,0.594125,0.738768,0.89488,1.060724,1.234588,1.414811,1.599778,Acoustic N Chile
1990,0.097407,0.162502,0.245583,0.346009,0.462664,0.594119,0.738756,0.894863,1.060704,1.234572,1.414821,1.599886,Acoustic N Chile
1991,0.097407,0.162504,0.245586,0.346013,0.462668,0.594121,0.738755,0.894857,1.060693,1.234558,1.414812,1.599902,Acoustic N Chile
1992,0.097407,0.162508,0.245594,0.346023,0.46268,0.594134,0.738766,0.894866,1.060698,1.234558,1.414809,1.599905,Acoustic N Chile
1993,0.097407,0.162503,0.245592,0.346023,0.462681,0.594136,0.738768,0.894865,1.060694,1.234549,1.414795,1.599888,Acoustic N Chile
1994,0.097407,0.162489,0.245568,0.34599800000000003,0.462654,0.594107,0.738737,0.894832,1.060656,1.234506,1.414746,1.599832,Acoustic N Chile
1995,0.097407,0.162481,0.245543,0.345962,0.462615,0.594064,0.73869,0.894782,1.060602,1.234447,1.41468,1.59976,Acoustic N Chile
1996,0.097407,0.162535,0.245604,0.34602,0.462675,0.594134,0.738767,0.894864,1.060689,1.234537,1.41477,1.599848,Acoustic N Chile
1997,0.097406,0.162558,0.245688,0.346117,0.462776,0.594242,0.738889,0.894998,1.060832,1.234687,1.414926,1.600005,Acoustic N Chile
1998,0.097407,0.16245,0.245574,0.346035,0.46268,0.594125,0.738758,0.894862,1.060691,1.234542,1.414778,1.599854,Acoustic N Chile
1999,0.097407,0.162506,0.245535,0.346006,0.462697,0.59414,0.738763,0.894862,1.060695,1.234548,1.414785,1.599862,Acoustic N Chile
2000,0.097406,0.162456,0.245528,0.345891,0.462579,0.594057,0.738669,0.894748,1.060569,1.234419,1.414653,1.599728,Acoustic N Chile
2001,0.097411,0.162229,0.245189,0.345535,0.462058,0.593481,0.738082,0.894111,1.059879,1.233689,1.413898,1.598954,Acoustic N Chile
2002,0.097414,0.162875,0.245781,0.346185,0.462851,0.594256,0.738932,0.895062,1.060875,1.234712,1.414944,1.600022,Acoustic N Chile
2003,0.097378,0.164661,0.248703,0.349527,0.466696,0.598649,0.743668,0.900187,1.066368,1.240469,1.420902,1.606136,Acoustic N Chile
2004,0.097393,0.160685,0.245461,0.346372,0.462979,0.594539,0.739308,0.895476,1.061458,1.235441,1.415753,1.600895,Acoustic N Chile
2005,0.097405,0.15765,0.237592,0.338424,0.454357,0.584662,0.728421,0.883803,1.048977,1.222385,1.40228,1.587073,Acoustic N Chile
2006,0.097406,0.15415,0.230075,0.325137,0.440116,0.568949,0.710741,0.864494,1.028357,1.200525,1.3795,1.563615,Acoustic N Chile
2007,0.097409,0.153736,0.226044,0.316979,0.426084,0.553868,0.694105,0.845818,1.00799,1.178795,1.356489,1.539653,Acoustic N Chile
2008,0.097395,0.168941,0.245033,0.336401,0.445169,0.570535,0.7128,0.865635,1.028039,1.199028,1.37685,1.559864,Acoustic N Chile
2009,0.097423,0.16108,0.250222,0.343283,0.450529,0.573774,0.712032,0.865514,1.027866,1.19812,1.375356,1.557915,Acoustic N Chile
2010,0.097449,0.158079,0.238495,0.3438,0.451983,0.573017,0.708541,0.857483,1.02003,1.189858,1.366062,1.54781,Acoustic N Chile
2011,0.097464,0.16001,0.237926,0.335013,0.455914,0.578319,0.712018,0.85856,1.016852,1.18711,1.363075,1.543932,Acoustic N Chile
2012,0.097421,0.16744,0.249321,0.345884,0.460416,0.597225,0.733796,0.879819,1.03682,1.203737,1.380859,1.562029,Acoustic N Chile
2013,0.097389,0.17535800000000001,0.266912,0.36956,0.485553,0.617802,0.770388,0.920685,1.078357,1.244964,1.419526,1.602444,Acoustic N Chile
2014,0.097381,0.187437,0.290287,0.405835,0.530933,0.667396,0.817874,0.98632,1.150076,1.318846,1.494287,1.675546,Acoustic N Chile
2015,0.097396,0.167826,0.277347,0.398968,0.532078,0.67319,0.823914,0.986799,1.165773,1.338212,1.513893,1.694572,Acoustic N Chile
2016,0.097365,0.158028,0.245211,0.370889,0.507626,0.654519,0.807905,0.969308,1.141255,1.327703,1.506089,1.686279,Acoustic N Chile
2017,0.097405,0.164658,0.243914,0.349028,0.491481,0.643515,0.804032,0.96927,1.140729,1.320971,1.514019,1.69741,Acoustic N Chile
2018,0.097413,0.147176,0.228181,0.320699,0.438221,0.591989,0.754099,0.923381,1.096057,1.273652,1.458775,1.655526,Acoustic N Chile
2019,0.097424,0.150889,0.215428,0.310682,0.416532,0.546211,0.710805,0.882333,1.059607,1.238875,1.421715,1.610816,Acoustic N Chile
2020,0.097419,0.150706,0.218894,0.297629,0.406167,0.52413,0.664595,0.838573,1.018064,1.201906,1.3864,1.573203,Acoustic N Chile
2021,0.097408,0.165292,0.237332,0.323606,0.419262,0.54323,0.674932,0.827351,1.011473,1.19933,1.38983,1.579372,Acoustic N Chile
2022,0.097405,0.163027,0.249042,0.338567,0.4412,0.551773,0.689024,0.832284,0.99451,1.186719,1.381014,1.576394,Acoustic N Chile
2023,0.097408,0.162756,0.246434,0.349863,0.45568,0.573168,0.696972,0.845732,0.998759,1.16904,1.36766,1.566814,Acoustic N Chile
2024,0.097408,0.162759,0.246163,0.347255,0.466976,0.587649,0.718367,0.853679,1.012207,1.173289,1.34998,1.553461,Acoustic N Chile
1979,0.09994268,0.182079,0.2788405,0.3715603,0.4543645,0.5463592,0.6346528,0.7930076,0.9196452,1.078658,1.263611,1.387927,Acoustic SC Chile data
1980,0.09994268,0.182079,0.2788405,0.3715603,0.4543645,0.5463592,0.6346528,0.7930076,0.9196452,1.078658,1.263611,1.387927,Acoustic SC Chile data
1981,0.09994268,0.182079,0.2788405,0.3715603,0.4543645,0.5463592,0.6346528,0.7930076,0.9196452,1.078658,1.263611,1.387927,Acoustic SC Chile data
1982,0.09994268,0.182079,0.2788405,0.3715603,0.4543645,0.5463592,0.6346528,0.7930076,0.9196452,1.078658,1.263611,1.387927,Acoustic SC Chile data
1983,0.09994268,0.182079,0.2788405,0.3715603,0.4543645,0.5463592,0.6346528,0.7930076,0.9196452,1.078658,1.263611,1.387927,Acoustic SC Chile data
1984,0.09994268,0.182079,0.2788405,0.3715603,0.4543645,0.5463592,0.6346528,0.7930076,0.9196452,1.078658,1.263611,1.387927,Acoustic SC Chile data
1985,0.09994268,0.182079,0.2788405,0.3715603,0.4543645,0.5463592,0.6346528,0.7930076,0.9196452,1.078658,1.263611,1.387927,Acoustic SC Chile data
1986,0.09994268,0.182079,0.2788405,0.3715603,0.4543645,0.5463592,0.6346528,0.7930076,0.9196452,1.078658,1.263611,1.387927,Acoustic SC Chile data
1987,0.09994268,0.182079,0.2788405,0.3715603,0.4543645,0.5463592,0.6346528,0.7930076,0.9196452,1.078658,1.263611,1.387927,Acoustic SC Chile data
1988,0.09994268,0.182079,0.2788405,0.3715603,0.4543645,0.5463592,0.6346528,0.7930076,0.9196452,1.078658,1.263611,1.387927,Acoustic SC Chile data
1989,0.09994268,0.182079,0.2788405,0.3715603,0.4543645,0.5463592,0.6346528,0.7930076,0.9196452,1.078658,1.263611,1.387927,Acoustic SC Chile data
1990,0.09994268,0.182079,0.2788405,0.3715603,0.4543645,0.5463592,0.6346528,0.7930076,0.9196452,1.078658,1.263611,1.387927,Acoustic SC Chile data
1991,0.09994268,0.182079,0.2788405,0.3715603,0.4543645,0.5463592,0.6346528,0.7930076,0.9196452,1.078658,1.263611,1.387927,Acoustic SC Chile data
1992,0.09994268,0.182079,0.2788405,0.3715603,0.4543645,0.5463592,0.6346528,0.7930076,0.9196452,1.078658,1.263611,1.387927,Acoustic SC Chile data
1993,0.09994268,0.182079,0.2788405,0.3715603,0.4543645,0.5463592,0.6346528,0.7930076,0.9196452,1.078658,1.263611,1.387927,Acoustic SC Chile data
1994,0.09994268,0.182079,0.2788405,0.3715603,0.4543645,0.5463592,0.6346528,0.7930076,0.9196452,1.078658,1.263611,1.387927,Acoustic SC Chile data
1995,0.09994268,0.182079,0.2788405,0.3715603,0.4543645,0.5463592,0.6346528,0.7930076,0.9196452,1.078658,1.263611,1.387927,Acoustic SC Chile data
1996,0.09994268,0.182079,0.2788405,0.3715603,0.4543645,0.5463592,0.6346528,0.7930076,0.9196452,1.078658,1.263611,1.387927,Acoustic SC Chile data
1997,0.09994268,0.182079,0.2788405,0.3715603,0.4543645,0.5463592,0.6346528,0.7930076,0.9196452,1.078658,1.263611,1.387927,Acoustic SC Chile data
1998,0.09994268,0.182079,0.2788405,0.3715603,0.4543645,0.5463592,0.6346528,0.7930076,0.9196452,1.078658,1.263611,1.387927,Acoustic SC Chile data
1999,0.09994268,0.182079,0.2788405,0.3715603,0.4543645,0.5463592,0.6346528,0.7930076,0.9196452,1.078658,1.263611,1.387927,Acoustic SC Chile data
2000,0.09994268,0.182079,0.2788405,0.3715603,0.4543645,0.5463592,0.6346528,0.7930076,0.9196452,1.078658,1.263611,1.387927,Acoustic SC Chile data
2001,0.09273487,0.1159569,0.2557574,0.2837557,0.3450714,0.4557244,0.5412943,0.7667197,0.7473898,0.9855534,1.017047,1.227367,Acoustic SC Chile data
2002,0.168107,0.1542732,0.2048361,0.2678992,0.4066618,0.49404,0.5524016,0.7062061,0.8925434,1.159295,1.253547,1.106759,Acoustic SC Chile data
2003,0.1979971,0.19619,0.2288886,0.2877805,0.3716487,0.516257,0.6611735,0.7055497,0.833299,0.7927114,1.635673,1.436467,Acoustic SC Chile data
2004,0.186807,0.1951427,0.2454678,0.3083617,0.4015063,0.4787139,0.5697307,0.7136407,0.7707582,0.8361359,1.549615,1.179069,Acoustic SC Chile data
2005,0.1944596,0.2088189,0.2487416,0.27944,0.3628629,0.4715555,0.6003376,0.8185494,0.9121641,1.24266,0.9965643,1.44474,Acoustic SC Chile data
2006,0.06212132,0.2331852,0.2857881,0.3230713,0.3798526,0.4730543,0.5638053,0.6875966,0.8341199,0.8415965,1.056659,1.148588,Acoustic SC Chile data
2007,0.06212132,0.1787751,0.3719255,0.3982995,0.4649542,0.5392459,0.6420699,0.7831152,0.8665222,1.035691,1.117162,1.504877,Acoustic SC Chile data
2008,0.06212132,0.1787751,0.2595086,0.3924095,0.4340323,0.5086302,0.6020903,0.6712577,0.8891552,1.031735,1.146654,1.361558,Acoustic SC Chile data
2009,0.06212132,0.1787751,0.2595086,0.3218395,0.4459439,0.523247,0.5819972,0.6930168,0.7564589,0.8813735,0.9964425,1.14535,Acoustic SC Chile data
2010,0.06212132,0.154489,0.2983427,0.3507586,0.4687181,0.5576515,0.6325547,0.7460964,0.8491037,1.005062,1.114798,1.324157,Acoustic SC Chile data
2011,0.06212132,0.1787751,0.2595086,0.3218395,0.5867529,0.6118471,0.7063495,0.7791359,0.8812782,1.097615,1.266543,1.349362,Acoustic SC Chile data
2012,0.06212132,0.1794445,0.4795688,0.6339113,0.6446183,0.7588644,0.930316,1.208663,1.529729,1.756435,1.397407,1.534117,Acoustic SC Chile data
2013,0.09994268,0.182079,0.2788405,0.3715603,0.4543645,0.5463592,0.6346528,0.7930076,0.9196452,1.078658,1.263611,1.387927,Acoustic SC Chile data
2014,0.09994268,0.182079,0.2788405,0.3715603,0.4543645,0.5463592,0.6346528,0.7930076,0.9196452,1.078658,1.263611,1.387927,Acoustic SC Chile data
2015,0.09994268,0.182079,0.2788405,0.3715603,0.4543645,0.5463592,0.6346528,0.7930076,0.9196452,1.078658,1.263611,1.387927,Acoustic SC Chile data
2016,0.09994268,0.182079,0.2788405,0.3715603,0.4543645,0.5463592,0.6346528,0.7930076,0.9196452,1.078658,1.263611,1.387927,Acoustic SC Chile data
2017,0.06212132,0.21773,0.2464159,0.3389599,0.4431075,0.4735709,0.5349669,0.8416454,1.102663,1.351858,1.969963,1.534117,Acoustic SC Chile data
2018,0.09994268,0.182079,0.2788405,0.3715603,0.4543645,0.5463592,0.6346528,0.7930076,0.9196452,1.078658,1.263611,1.387927,Acoustic SC Chile data
2019,0.09994268,0.182079,0.2788405,0.3715603,0.4543645,0.5463592,0.6346528,0.7930076,0.9196452,1.078658,1.263611,1.387927,Acoustic SC Chile data
2020,0.06212132,0.1787751,0.2595086,0.693518,0.6053716,0.7866265,0.7660523,0.9809142,1.009847,1.083494,1.172474,2.134452,Acoustic SC Chile data
2021,0.09994268,0.182079,0.2788405,0.3715603,0.4543645,0.5463592,0.6346528,0.7930076,0.9196452,1.078658,1.263611,1.387927,Acoustic SC Chile data
2022,0.09994268,0.182079,0.2788405,0.3715603,0.4543645,0.5463592,0.6346528,0.7930076,0.9196452,1.078658,1.263611,1.387927,Acoustic SC Chile data
1970,0.142475,0.201602,0.27231,0.354589,0.448259,0.553013,0.668433,0.79402,0.929213,1.073403,1.225951,1.386197,Acoustic SC Chile
1971,0.142478,0.203748,0.274877,0.357575,0.45166,0.556815,0.672623,0.798579,0.934121,1.078638,1.231489,1.392014,Acoustic SC Chile
1972,0.142478,0.203727,0.276994,0.360108,0.454608,0.560173,0.676378,0.802717,0.938624,1.083486,1.236661,1.397486,Acoustic SC Chile
1973,0.142475,0.203661,0.276895,0.362135,0.457038,0.563005,0.679608,0.806334,0.942613,1.08783,1.24134,1.40248,Acoustic SC Chile
1974,0.142475,0.202847,0.275859,0.360906,0.457778,0.563997,0.680856,0.80784,0.944374,1.08984,1.24359,1.404961,Acoustic SC Chile
1975,0.142477,0.2017,0.273674,0.358275,0.454733,0.562706,0.679609,0.806653,0.943258,1.088805,1.242642,1.404104,Acoustic SC Chile
1976,0.142482,0.200886,0.271551,0.354955,0.45081,0.558217,0.676727,0.803675,0.940207,1.085701,1.239504,1.400946,Acoustic SC Chile
1977,0.142483,0.20114,0.271035,0.353178,0.447884,0.554734,0.672723,0.801321,0.937797,1.083256,1.237041,1.398481,Acoustic SC Chile
1978,0.142481,0.201795,0.272071,0.353573,0.447144,0.552968,0.670518,0.798706,0.93694,1.082442,1.236285,1.397792,Acoustic SC Chile
1979,0.142477,0.202188,0.273199,0.355158,0.448164,0.552927,0.669521,0.797339,0.935227,1.082547,1.236489,1.398105,Acoustic SC Chile
1980,0.142477,0.20199,0.273358,0.356014,0.44944,0.553601,0.6691,0.795929,0.933415,1.08036,1.236091,1.397781,Acoustic SC Chile
1981,0.142477,0.201939,0.273099,0.356103,0.450216,0.554788,0.669675,0.7954,0.931888,1.078423,1.233772,1.397245,Acoustic SC Chile
1982,0.142478,0.201929,0.273036,0.35583,0.450289,0.555545,0.670842,0.795953,0.931336,1.076871,1.231809,1.3948989999999999,Acoustic SC Chile
1983,0.142478,0.201915,0.27301,0.355748,0.449994,0.555594,0.671574,0.797092,0.931859,1.076286,1.230223,1.3929,Acoustic SC Chile
1984,0.142478,0.201903,0.272982,0.355705,0.449893,0.555278,0.671598,0.797797,0.932969,1.076779,1.229606,1.39128,Acoustic SC Chile
1985,0.142478,0.201893,0.272957,0.355662,0.449833,0.555158,0.671261,0.797799,0.93365,1.077863,1.230072,1.390634,Acoustic SC Chile
1986,0.142478,0.201901,0.272957,0.355649,0.449804,0.555114,0.671159,0.797481,0.933672,1.078566,1.231179,1.391124,Acoustic SC Chile
1987,0.142477,0.201906,0.272972,0.355657,0.4498,0.555094,0.671124,0.797389,0.933366,1.078601,1.231895,1.392245,Acoustic SC Chile
1988,0.142478,0.201894,0.272962,0.355655,0.449788,0.555068,0.671081,0.797329,0.933246,1.078265,1.231898,1.392928,Acoustic SC Chile
1989,0.142478,0.201905,0.272963,0.35566,0.449803,0.555075,0.671076,0.797308,0.933211,1.078172,1.23159,1.392961,Acoustic SC Chile
1990,0.142477,0.202134,0.273247,0.355978,0.450169,0.555494,0.671528,0.797787,0.933711,1.078692,1.232085,1.39327,Acoustic SC Chile
1991,0.142469,0.202293,0.273668,0.356485,0.450742,0.556145,0.672261,0.798581,0.934558,1.079584,1.23302,1.3942,Acoustic SC Chile
1992,0.142481,0.200992,0.272281,0.355107,0.449201,0.554427,0.670388,0.796568,0.932396,1.077278,1.230577,1.391632,Acoustic SC Chile
1993,0.142487,0.201122,0.271121,0.353884,0.448009,0.553095,0.6689,0.794945,0.930651,1.075402,1.228574,1.389507,Acoustic SC Chile
1994,0.142489,0.201875,0.272144,0.353763,0.447969,0.553226,0.669025,0.795043,0.930736,1.075479,1.228625,1.389528,Acoustic SC Chile
1995,0.142461,0.203674,0.275046,0.357287,0.450695,0.55637,0.672664,0.798985,0.934943,1.079947,1.233338,1.39445,Acoustic SC Chile
1996,0.142481,0.201354,0.274104,0.356999,0.450588,0.555035,0.671334,0.797756,0.933644,1.078564,1.231892,1.392951,Acoustic SC Chile
1997,0.142466,0.202706,0.273377,0.357911,0.452411,0.557288,0.6726,0.799255,0.935462,1.080515,1.233947,1.395116,Acoustic SC Chile
1998,0.142476,0.201475,0.273275,0.355492,0.451397,0.556957,0.672479,0.797939,0.934181,1.079366,1.23276,1.393875,Acoustic SC Chile
1999,0.142447,0.20154,0.272109,0.355467,0.449064,0.55604,0.672255,0.797934,0.932989,1.078219,1.231753,1.392837,Acoustic SC Chile
2000,0.142438,0.19508,0.264484,0.345352,0.438851,0.542314,0.658784,0.784051,0.918281,1.061345,1.214015,1.374402,Acoustic SC Chile
2001,0.14242,0.185011,0.245993,0.323728,0.412799,0.514278,0.625422,0.749213,0.881396,1.022105,1.171187,1.329399,Acoustic SC Chile
2002,0.142435,0.193517,0.246118,0.317099,0.404679,0.503328,0.614025,0.733955,0.866048,1.006007,1.153938,1.309672,Acoustic SC Chile
2003,0.142485,0.19309,0.254095,0.316608,0.397349,0.494424,0.602211,0.721619,0.849779,0.98958,1.136698,1.291224,Acoustic SC Chile
2004,0.14251,0.191416,0.251606,0.322185,0.394127,0.484039,0.589941,0.706143,0.833499,0.969105,1.115822,1.269311,Acoustic SC Chile
2005,0.142542,0.193841,0.252802,0.323037,0.403507,0.48507,0.584242,0.698971,0.823512,0.95868,1.101541,1.254942,Acoustic SC Chile
2006,0.14245,0.19983,0.262351,0.332523,0.413796,0.505004,0.596901,0.705925,0.829961,0.96322,1.106485,1.256805,Acoustic SC Chile
2007,0.142511,0.211084,0.281909,0.35786,0.441256,0.535394,0.638984,0.742684,0.862858,0.997338,1.140298,1.292499,Acoustic SC Chile
2008,0.142449,0.195459,0.274404,0.355589,0.441743,0.535063,0.638753,0.751448,0.86375,0.991981,1.133945,1.283799,Acoustic SC Chile
2009,0.142472,0.193889,0.256976,0.345986,0.437083,0.532879,0.635479,0.748014,0.869066,0.989196,1.124698,1.27336,Acoustic SC Chile
2010,0.14246,0.214023,0.279456,0.356544,0.459341,0.56385,0.672553,0.787457,0.911617,1.043557,1.1738,1.318618,Acoustic SC Chile
2011,0.142437,0.226991,0.315113,0.397087,0.490462,0.609103,0.728862,0.852101,0.980738,1.117761,1.261649,1.402898,Acoustic SC Chile
2012,0.142523,0.255109,0.361735,0.471904,0.575588,0.690082,0.82905,0.968184,1.109728,1.255511,1.408459,1.567017,Acoustic SC Chile
2013,0.142494,0.175792,0.294895,0.408031,0.52461,0.63453,0.755026,0.899715,1.044253,1.19086,1.341345,1.498626,Acoustic SC Chile
2014,0.142456,0.190283,0.232943,0.361397,0.483741,0.609278,0.727818,0.856533,1.008985,1.160796,1.314157,1.470865,Acoustic SC Chile
2015,0.14247,0.198801,0.257665,0.31135,0.45066,0.583565,0.719267,0.847497,0.985365,1.146391,1.306166,1.466863,Acoustic SC Chile
2016,0.142486,0.201632,0.269551,0.339992,0.405076,0.555476,0.699054,0.844929,0.98277,1.129641,1.29903,1.466507,Acoustic SC Chile
2017,0.142544,0.202546,0.273457,0.353129,0.435142,0.511483,0.672718,0.826624,0.982256,1.129237,1.284597,1.461805,Acoustic SC Chile
2018,0.142437,0.207967,0.280784,0.364497,0.456774,0.55105,0.639194,0.811679,0.976214,1.141801,1.29803,1.461907,Acoustic SC Chile
2019,0.142467,0.208725,0.287241,0.373029,0.469515,0.574218,0.680452,0.779995,0.963249,1.137871,1.312829,1.477687,Acoustic SC Chile
2020,0.142483,0.242355,0.328181,0.426243,0.531278,0.646486,0.769209,0.89262,1.008391,1.206846,1.395586,1.583549,Acoustic SC Chile
2021,0.142474,0.183509,0.291418,0.385272,0.491239,0.603963,0.726573,0.856351,0.986427,1.108441,1.312695,1.506777,Acoustic SC Chile
2022,0.142475,0.195283,0.246664,0.364906,0.468935,0.5848,0.707052,0.838743,0.9771,1.115213,1.244691,1.45582,Acoustic SC Chile
2023,0.142479,0.20353,0.268298,0.331626,0.461633,0.577106,0.703986,0.836737,0.978347,1.125995,1.272738,1.410165,Acoustic SC Chile
2024,0.142479,0.203534,0.276545,0.353261,0.428353,0.569804,0.696292,0.833671,0.976341,1.127241,1.283519,1.438211,Acoustic SC Chile
